host,role,clients,accesses,seconds,throughput (accesses/sec),local,remote
hyperion,client,1,30201,29.567304358,1021.4323,1,0
hyperion,client,1,30222,29.573448387,1021.9302,1,0
hyperion,client,1,30142,29.569384648,1019.3651,1,0
hyperion,client,1,30106,29.568832077,1018.1667,1,0
hyperion,client,1,30168,29.571718136,1020.1639,1,0
hyperion,client,2,33668,29.585464156,1137.9913,1,1
hyperion,client,2,33814,29.568819154,1143.5695,1,1
hyperion,client,2,33693,29.575681919,1139.213,1,1
hyperion,client,2,33839,29.574190671,1144.2071,1,1
hyperion,client,2,33673,29.58242625,1138.2772,1,1
hyperion,client,3,32472,29.534115756,1099.4743,2,1
hyperion,client,3,32449,29.532963305,1098.7384,2,1
hyperion,client,3,32480,29.529306289,1099.9242,2,1
hyperion,client,3,32499,29.53257479,1100.4459,2,1
hyperion,client,3,32558,29.531084672,1102.4993,2,1
hyperion,client,3,32559,29.532255154,1102.4895,2,1
hyperion,client,3,32341,29.53638736,1094.9545,2,1
hyperion,client,3,32362,29.535404182,1095.702,2,1
hyperion,client,3,32201,29.539794031,1090.0888,2,1
hyperion,client,3,32207,29.539961291,1090.2858,2,1
hyperion,client,3,34516,29.570786358,1167.2331,1,2
hyperion,client,3,34806,29.569065925,1177.1085,1,2
hyperion,client,3,34728,29.566174594,1174.5855,1,2
hyperion,client,3,34706,29.560938919,1174.0493,1,2
hyperion,client,3,35045,29.560671745,1185.5279,1,2
hyperion,client,4,33417,29.520623518,1131.9883,2,2
hyperion,client,4,33421,29.522624321,1132.0471,2,2
hyperion,client,4,33032,29.526583581,1118.7207,2,2
hyperion,client,4,33037,29.524980544,1118.9508,2,2
hyperion,client,4,33321,29.522914746,1128.6487,2,2
hyperion,client,4,33329,29.520658154,1129.006,2,2
hyperion,client,4,33435,29.51607826,1132.7724,2,2
hyperion,client,4,33439,29.520394416,1132.7423,2,2
hyperion,client,4,33331,29.524432586,1128.9294,2,2
hyperion,client,4,33311,29.523691176,1128.2803,2,2
hyperion,client,5,33623,29.510045025,1139.3747,3,2
hyperion,client,5,33641,29.513535463,1139.8499,3,2
hyperion,client,5,33624,29.511282592,1139.3608,3,2
hyperion,client,5,33607,29.505888494,1138.993,3,2
hyperion,client,5,33604,29.507872632,1138.8147,3,2
hyperion,client,5,33624,29.506430509,1139.5482,3,2
hyperion,client,5,33465,29.514292694,1133.8574,3,2
hyperion,client,5,33467,29.512493103,1133.9943,3,2
hyperion,client,5,33462,29.515652357,1133.7036,3,2
hyperion,client,5,33493,29.511139348,1134.9274,3,2
hyperion,client,5,33502,29.515111044,1135.0796,3,2
hyperion,client,5,33495,29.5162813,1134.7974,3,2
hyperion,client,5,33581,29.50979118,1137.9613,3,2
hyperion,client,5,33582,29.510754191,1137.958,3,2
hyperion,client,5,33577,29.510796757,1137.787,3,2
hyperion,client,5,33955,29.510503732,1150.6073,2,3
hyperion,client,5,33973,29.509280278,1151.2649,2,3
hyperion,client,5,34033,29.505435866,1153.4485,2,3
hyperion,client,5,34057,29.509313746,1154.1102,2,3
hyperion,client,5,34014,29.512561741,1152.5262,2,3
hyperion,client,5,34020,29.50854589,1152.8864,2,3
hyperion,client,5,34327,29.505083025,1163.4267,2,3
hyperion,client,5,34347,29.505995403,1164.0685,2,3
hyperion,client,5,33763,29.51413217,1143.9605,2,3
hyperion,client,5,33749,29.516767451,1143.384,2,3
hyperion,client,6,33779,29.506807826,1144.7867,3,3
hyperion,client,6,33767,29.508756412,1144.3044,3,3
hyperion,client,6,33773,29.508677508,1144.5108,3,3
hyperion,client,6,33917,29.505787738,1149.5033,3,3
hyperion,client,6,33889,29.505094127,1148.5813,3,3
hyperion,client,6,33906,29.50213997,1149.2726,3,3
hyperion,client,6,33964,29.505130664,1151.1218,3,3
hyperion,client,6,33953,29.505545219,1150.7328,3,3
hyperion,client,6,33951,29.504028994,1150.7242,3,3
hyperion,client,6,33974,29.505708354,1151.4382,3,3
hyperion,client,6,33969,29.505546014,1151.2751,3,3
hyperion,client,6,33960,29.504221664,1151.0217,3,3
hyperion,client,6,33933,29.505403502,1150.0605,3,3
hyperion,client,6,33939,29.504826767,1150.2864,3,3
hyperion,client,6,33938,29.504126344,1150.2798,3,3
hyperion,client,8,34810,29.47276258,1181.0905,4,4
hyperion,client,8,34819,29.468997672,1181.5468,4,4
hyperion,client,8,34798,29.475956089,1180.5554,4,4
hyperion,client,8,34824,29.474613198,1181.4913,4,4
hyperion,client,8,34815,29.471958385,1181.2924,4,4
hyperion,client,8,34805,29.469716458,1181.0429,4,4
hyperion,client,8,34778,29.473005611,1179.995,4,4
hyperion,client,8,34788,29.470234485,1180.4453,4,4
hyperion,client,8,34864,29.473649816,1182.8871,4,4
hyperion,client,8,34858,29.470134308,1182.8246,4,4
hyperion,client,8,34891,29.47181455,1183.8769,4,4
hyperion,client,8,34888,29.46873853,1183.8987,4,4
hyperion,client,8,34865,29.469845174,1183.0737,4,4
hyperion,client,8,34855,29.469217285,1182.7596,4,4
hyperion,client,8,34831,29.464321731,1182.1416,4,4
hyperion,client,8,34834,29.466253692,1182.1659,4,4
hyperion,client,8,34798,29.470242301,1180.7843,4,4
hyperion,client,8,34808,29.474864291,1180.9384,4,4
hyperion,client,8,34778,29.4700987,1180.1114,4,4
hyperion,client,8,34805,29.476087147,1180.7877,4,4
hyperion,client,10,33458,29.496486352,1134.3046,5,5
hyperion,client,10,33483,29.50109535,1134.9748,5,5
hyperion,client,10,33450,29.498740496,1133.9467,5,5
hyperion,client,10,33455,29.49646192,1134.2038,5,5
hyperion,client,10,33494,29.4995453,1135.4073,5,5
hyperion,client,10,33461,29.497033359,1134.3853,5,5
hyperion,client,10,33419,29.496379587,1132.9865,5,5
hyperion,client,10,33433,29.499884421,1133.3265,5,5
hyperion,client,10,33461,29.496808829,1134.3939,5,5
hyperion,client,10,33447,29.496805807,1133.9194,5,5
hyperion,client,10,33553,29.497745395,1137.4768,5,5
hyperion,client,10,33514,29.497652871,1136.1582,5,5
hyperion,client,10,33508,29.499282971,1135.892,5,5
hyperion,client,10,33510,29.497178503,1136.0409,5,5
hyperion,client,10,33480,29.498989814,1134.9541,5,5
hyperion,client,10,33437,29.492189446,1133.7578,5,5
hyperion,client,10,33510,29.496468508,1136.0682,5,5
hyperion,client,10,33489,29.493752202,1135.4608,5,5
hyperion,client,10,33504,29.496988282,1135.8448,5,5
hyperion,client,10,33467,29.496088815,1134.625,5,5
hyperion,client,10,33431,29.496474497,1133.3897,5,5
hyperion,client,10,33448,29.499487509,1133.8502,5,5
hyperion,client,10,33458,29.500950197,1134.133,5,5
hyperion,client,10,33481,29.498893131,1134.9917,5,5
hyperion,client,10,33453,29.497372541,1134.101,5,5
hyperion,client,12,32669,29.508491001,1107.1051,6,6
hyperion,client,12,32649,29.506622174,1106.4974,6,6
hyperion,client,12,32660,29.5080784,1106.8155,6,6
hyperion,client,12,32683,29.50176081,1107.8322,6,6
hyperion,client,12,32653,29.510831117,1106.4751,6,6
hyperion,client,12,32680,29.503239779,1107.675,6,6
hyperion,client,12,32740,29.50456233,1109.6589,6,6
hyperion,client,12,32732,29.498690261,1109.6086,6,6
hyperion,client,12,32752,29.497625075,1110.3267,6,6
hyperion,client,12,32765,29.503522381,1110.5454,6,6
hyperion,client,12,32761,29.503796727,1110.3995,6,6
hyperion,client,12,32773,29.501723366,1110.8843,6,6
hyperion,client,12,32659,29.496181513,1107.2281,6,6
hyperion,client,12,32725,29.499551553,1109.3389,6,6
hyperion,client,12,32708,29.500719878,1108.7187,6,6
hyperion,client,12,32711,29.49885738,1108.8904,6,6
hyperion,client,12,32706,29.500236921,1108.6691,6,6
hyperion,client,12,32696,29.502468594,1108.2462,6,6
hyperion,client,12,32675,29.5056317,1107.4157,6,6
hyperion,client,12,32692,29.505889876,1107.9822,6,6
hyperion,client,12,32727,29.505605348,1109.1791,6,6
hyperion,client,12,32688,29.507918638,1107.7704,6,6
hyperion,client,12,32657,29.50596979,1106.793,6,6
hyperion,client,12,32649,29.509667712,1106.3832,6,6
hyperion,client,12,32691,29.504091095,1108.0158,6,6
hyperion,client,12,32640,29.508856035,1106.1086,6,6
hyperion,client,12,32648,29.504313345,1106.5501,6,6
hyperion,client,12,32672,29.507299625,1107.2514,6,6
hyperion,client,12,32686,29.505501452,1107.7934,6,6
hyperion,client,12,32676,29.507751819,1107.37,6,6
hyperion,client,14,32041,29.516230197,1085.5384,7,7
hyperion,client,14,31998,29.517444596,1084.0369,7,7
hyperion,client,14,32009,29.521880482,1084.2466,7,7
hyperion,client,14,31968,29.517805938,1083.0073,7,7
hyperion,client,14,31997,29.519038909,1083.9445,7,7
hyperion,client,14,32059,29.518575749,1086.0619,7,7
hyperion,client,14,31978,29.517404429,1083.3608,7,7
hyperion,client,14,32056,29.520978495,1085.8719,7,7
hyperion,client,14,32061,29.519461412,1086.0971,7,7
hyperion,client,14,32040,29.51760691,1085.4538,7,7
hyperion,client,14,32070,29.51868415,1086.4305,7,7
hyperion,client,14,32061,29.519306997,1086.1027,7,7
hyperion,client,14,32038,29.523090132,1085.1845,7,7
hyperion,client,14,32017,29.518609507,1084.6378,7,7
hyperion,client,14,31970,29.519418317,1083.0159,7,7
hyperion,client,14,32018,29.513480457,1084.8602,7,7
hyperion,client,14,31969,29.516711554,1083.0814,7,7
hyperion,client,14,32027,29.517440287,1085.0196,7,7
hyperion,client,14,32038,29.516303198,1085.434,7,7
hyperion,client,14,31987,29.516461807,1083.7004,7,7
hyperion,client,14,31964,29.517826223,1082.8711,7,7
hyperion,client,14,32034,29.519272054,1085.1894,7,7
hyperion,client,14,32088,29.519069177,1087.0261,7,7
hyperion,client,14,32068,29.516793206,1086.4324,7,7
hyperion,client,14,32060,29.517757309,1086.1259,7,7
hyperion,client,14,32071,29.51869491,1086.464,7,7
hyperion,client,14,32103,29.521613854,1087.4405,7,7
hyperion,client,14,32069,29.518236236,1086.4131,7,7
hyperion,client,14,32082,29.516109838,1086.9319,7,7
hyperion,client,14,32098,29.518283908,1087.3938,7,7
hyperion,client,14,32083,29.516839484,1086.9389,7,7
hyperion,client,14,32050,29.516161564,1085.8458,7,7
hyperion,client,14,32087,29.521523329,1086.9019,7,7
hyperion,client,14,31982,29.518807061,1083.4449,7,7
hyperion,client,14,32082,29.519264111,1086.8157,7,7
hyperion,client,16,31512,29.532737127,1067.0193,8,8
hyperion,client,16,31503,29.532672071,1066.7169,8,8
hyperion,client,16,31515,29.531259729,1067.1743,8,8
hyperion,client,16,31518,29.529748559,1067.3305,8,8
hyperion,client,16,31578,29.532134226,1069.2759,8,8
hyperion,client,16,31480,29.533925286,1065.8929,8,8
hyperion,client,16,31522,29.534020611,1067.3115,8,8
hyperion,client,16,31491,29.527718201,1066.4895,8,8
hyperion,client,16,31473,29.528589834,1065.8484,8,8
hyperion,client,16,31489,29.531877072,1066.2715,8,8
hyperion,client,16,31490,29.531481746,1066.3197,8,8
hyperion,client,16,31498,29.529768071,1066.6525,8,8
hyperion,client,16,31449,29.534639253,1064.8175,8,8
hyperion,client,16,31514,29.531555397,1067.1297,8,8
hyperion,client,16,31502,29.522263151,1067.0591,8,8
hyperion,client,16,31535,29.53106108,1067.8587,8,8
hyperion,client,16,31550,29.532026128,1068.3317,8,8
hyperion,client,16,31434,29.527694967,1064.5599,8,8
hyperion,client,16,31465,29.532707684,1065.4289,8,8
hyperion,client,16,31422,29.529679911,1064.082,8,8
hyperion,client,16,31502,29.533377077,1066.6576,8,8
hyperion,client,16,31486,29.530038417,1066.2363,8,8
hyperion,client,16,31467,29.532557317,1065.502,8,8
hyperion,client,16,31468,29.532023952,1065.5551,8,8
hyperion,client,16,31503,29.533654897,1066.6814,8,8
hyperion,client,16,31487,29.533364696,1066.1501,8,8
hyperion,client,16,31527,29.531003894,1067.5898,8,8
hyperion,client,16,31497,29.533919824,1066.4687,8,8
hyperion,client,16,31510,29.534143912,1066.9007,8,8
hyperion,client,16,31487,29.534176073,1066.1208,8,8
hyperion,client,16,31581,29.533091793,1069.3428,8,8
hyperion,client,16,31495,29.533044621,1066.4325,8,8
hyperion,client,16,31439,29.53163432,1064.5872,8,8
hyperion,client,16,31412,29.534292051,1063.5772,8,8
hyperion,client,16,31431,29.531109291,1064.3352,8,8
hyperion,client,16,31473,29.529039645,1065.8322,8,8
hyperion,client,16,31374,29.529351384,1062.4683,8,8
hyperion,client,16,31484,29.530264818,1066.1604,8,8
hyperion,client,16,31432,29.531252087,1064.3639,8,8
hyperion,client,16,31427,29.529170462,1064.2697,8,8
hyperion,client,18,31001,29.540852676,1049.4281,9,9
hyperion,client,18,30969,29.547120976,1048.1224,9,9
hyperion,client,18,30980,29.542236641,1048.6681,9,9
hyperion,client,18,30965,29.543268667,1048.1237,9,9
hyperion,client,18,30977,29.540078704,1048.6431,9,9
hyperion,client,18,30941,29.541055089,1047.3898,9,9
hyperion,client,18,30921,29.539781886,1046.7579,9,9
hyperion,client,18,30926,29.531979119,1047.2038,9,9
hyperion,client,18,30995,29.543126784,1049.1442,9,9
hyperion,client,18,31050,29.538105988,1051.1845,9,9
hyperion,client,18,31055,29.540229762,1051.2782,9,9
hyperion,client,18,30993,29.534846496,1049.3706,9,9
hyperion,client,18,30969,29.534819592,1048.559,9,9
hyperion,client,18,31055,29.538609863,1051.3359,9,9
hyperion,client,18,31138,29.536923605,1054.2059,9,9
hyperion,client,18,31034,29.538455576,1050.6304,9,9
hyperion,client,18,31056,29.536148291,1051.4573,9,9
hyperion,client,18,31011,29.5306396,1050.1296,9,9
hyperion,client,18,30926,29.537519525,1047.0073,9,9
hyperion,client,18,31014,29.539490676,1049.9165,9,9
hyperion,client,18,30926,29.541119559,1046.8798,9,9
hyperion,client,18,30938,29.534947209,1047.5048,9,9
hyperion,client,18,30913,29.53949161,1046.4974,9,9
hyperion,client,18,30911,29.539039326,1046.4457,9,9
hyperion,client,18,31014,29.53933305,1049.9221,9,9
hyperion,client,18,30982,29.537622971,1048.8996,9,9
hyperion,client,18,30964,29.539098829,1048.2378,9,9
hyperion,client,18,31010,29.543219903,1049.6486,9,9
hyperion,client,18,30950,29.537889324,1047.8068,9,9
hyperion,client,18,31008,29.542478137,1049.6073,9,9
hyperion,client,18,30956,29.541112824,1047.8955,9,9
hyperion,client,18,30959,29.544597666,1047.8735,9,9
hyperion,client,18,31017,29.535194396,1050.1708,9,9
hyperion,client,18,30933,29.54299985,1047.0501,9,9
hyperion,client,18,31003,29.538698566,1049.5723,9,9
hyperion,client,18,31039,29.535722684,1050.8969,9,9
hyperion,client,18,30948,29.543487422,1047.5405,9,9
hyperion,client,18,30940,29.540980851,1047.3586,9,9
hyperion,client,18,30978,29.538782716,1048.723,9,9
hyperion,client,18,30996,29.541700757,1049.2287,9,9
hyperion,client,18,31012,29.542147951,1049.7544,9,9
hyperion,client,18,30990,29.533612384,1049.3129,9,9
hyperion,client,18,31016,29.543440768,1049.8439,9,9
hyperion,client,18,31002,29.540290815,1049.4819,9,9
hyperion,client,18,30986,29.540771699,1048.9232,9,9
hyperion,client,20,30496,29.545733352,1032.1626,10,10
hyperion,client,20,30487,29.54916542,1031.7381,10,10
hyperion,client,20,30483,29.54957702,1031.5884,10,10
hyperion,client,20,30455,29.550730433,1030.6006,10,10
hyperion,client,20,30554,29.54955524,1033.9919,10,10
hyperion,client,20,30477,29.55048664,1031.3536,10,10
hyperion,client,20,30484,29.546190273,1031.7405,10,10
hyperion,client,20,30556,29.546393885,1034.1702,10,10
hyperion,client,20,30472,29.547424137,1031.2913,10,10
hyperion,client,20,30392,29.545606928,1028.647,10,10
hyperion,client,20,30613,29.552813254,1035.8743,10,10
hyperion,client,20,30620,29.552294973,1036.1293,10,10
hyperion,client,20,30592,29.552670113,1035.1687,10,10
hyperion,client,20,30583,29.548236501,1035.0195,10,10
hyperion,client,20,30591,29.551239282,1035.185,10,10
hyperion,client,20,30557,29.551524859,1034.0245,10,10
hyperion,client,20,30584,29.555724264,1034.7911,10,10
hyperion,client,20,30446,29.552741067,1030.2259,10,10
hyperion,client,20,30591,29.553860832,1035.0932,10,10
hyperion,client,20,30550,29.554652017,1033.6782,10,10
hyperion,client,20,30481,29.552540578,1031.4172,10,10
hyperion,client,20,30461,29.556423374,1030.6051,10,10
hyperion,client,20,30523,29.551824255,1032.8635,10,10
hyperion,client,20,30517,29.552406072,1032.6401,10,10
hyperion,client,20,30503,29.550131754,1032.2458,10,10
hyperion,client,20,30576,29.548441964,1034.7754,10,10
hyperion,client,20,30545,29.5517389,1033.6109,10,10
hyperion,client,20,30483,29.552744691,1031.4778,10,10
hyperion,client,20,30505,29.55149877,1032.2657,10,10
hyperion,client,20,30507,29.550167963,1032.3799,10,10
hyperion,client,20,30529,29.552644722,1033.0378,10,10
hyperion,client,20,30587,29.555030087,1034.9169,10,10
hyperion,client,20,30539,29.555660222,1033.2708,10,10
hyperion,client,20,30631,29.547949378,1036.654,10,10
hyperion,client,20,30611,29.553068872,1035.7977,10,10
hyperion,client,20,30528,29.54159936,1033.3902,10,10
hyperion,client,20,30581,29.552481948,1034.8031,10,10
hyperion,client,20,30582,29.55860512,1034.6226,10,10
hyperion,client,20,30598,29.557037364,1035.2188,10,10
hyperion,client,20,30505,29.559515087,1031.9858,10,10
hyperion,client,20,30478,29.546614087,1031.5226,10,10
hyperion,client,20,30500,29.548966097,1032.185,10,10
hyperion,client,20,30484,29.550140554,1031.6025,10,10
hyperion,client,20,30568,29.548086802,1034.5171,10,10
hyperion,client,20,30479,29.552158392,1031.3629,10,10
hyperion,client,20,30526,29.549319409,1033.0526,10,10
hyperion,client,20,30454,29.550232225,1030.5841,10,10
hyperion,client,20,30513,29.551985546,1032.5195,10,10
hyperion,client,20,30543,29.549485326,1033.6221,10,10
hyperion,client,20,30497,29.550225115,1032.0395,10,10
hyperion,client,22,30127,29.557420757,1019.2703,11,11
hyperion,client,22,30096,29.551230006,1018.4348,11,11
hyperion,client,22,30049,29.559855184,1016.5476,11,11
hyperion,client,22,30076,29.56097201,1017.4226,11,11
hyperion,client,22,30112,29.554421548,1018.8662,11,11
hyperion,client,22,30093,29.561135737,1017.992,11,11
hyperion,client,22,30117,29.55550561,1018.998,11,11
hyperion,client,22,30194,29.553274873,1021.6803,11,11
hyperion,client,22,30120,29.554044696,1019.1498,11,11
hyperion,client,22,30035,29.559171193,1016.0975,11,11
hyperion,client,22,30116,29.560063334,1018.807,11,11
hyperion,client,22,30104,29.556839276,1018.5122,11,11
hyperion,client,22,30107,29.554680835,1018.688,11,11
hyperion,client,22,30069,29.555255548,1017.3825,11,11
hyperion,client,22,30083,29.55713366,1017.7915,11,11
hyperion,client,22,30146,29.560127235,1019.8197,11,11
hyperion,client,22,30090,29.556844123,1018.0383,11,11
hyperion,client,22,30136,29.554673189,1019.6695,11,11
hyperion,client,22,30046,29.553526455,1016.6638,11,11
hyperion,client,22,30131,29.558627097,1019.364,11,11
hyperion,client,22,30052,29.558980505,1016.6792,11,11
hyperion,client,22,30000,29.556273187,1015.0129,11,11
hyperion,client,22,30171,29.551019568,1020.98,11,11
hyperion,client,22,30036,29.554038241,1016.3078,11,11
hyperion,client,22,30064,29.560268359,1017.0408,11,11
hyperion,client,22,30040,29.550317403,1016.5711,11,11
hyperion,client,22,30075,29.554770029,1017.6022,11,11
hyperion,client,22,30103,29.546312986,1018.8412,11,11
hyperion,client,22,30071,29.556043296,1017.4231,11,11
hyperion,client,22,29998,29.553116501,1015.0537,11,11
hyperion,client,22,30062,29.554976193,1017.1553,11,11
hyperion,client,22,29998,29.556275172,1014.9452,11,11
hyperion,client,22,29993,29.552144577,1014.9179,11,11
hyperion,client,22,30043,29.557218969,1016.4353,11,11
hyperion,client,22,30074,29.558809737,1017.4293,11,11
hyperion,client,22,30084,29.557205892,1017.8229,11,11
hyperion,client,22,30062,29.559765404,1016.9905,11,11
hyperion,client,22,30008,29.561799273,1015.0938,11,11
hyperion,client,22,30060,29.564012696,1016.7767,11,11
hyperion,client,22,30153,29.557416535,1020.1501,11,11
hyperion,client,22,29993,29.561317594,1014.6029,11,11
hyperion,client,22,30100,29.562855997,1018.1696,11,11
hyperion,client,22,30101,29.56237995,1018.2198,11,11
hyperion,client,22,30023,29.560644963,1015.6409,11,11
hyperion,client,22,30137,29.556243454,1019.6492,11,11
hyperion,client,22,30116,29.555250642,1018.9729,11,11
hyperion,client,22,30137,29.55699241,1019.6234,11,11
hyperion,client,22,30121,29.55964823,1018.9905,11,11
hyperion,client,22,30123,29.55270406,1019.2976,11,11
hyperion,client,22,30131,29.555207953,1019.4819,11,11
hyperion,client,22,30035,29.551547251,1016.3596,11,11
hyperion,client,22,30146,29.553366886,1020.053,11,11
hyperion,client,22,30153,29.546933773,1020.512,11,11
hyperion,client,22,30105,29.554212955,1018.6365,11,11
hyperion,client,22,30045,29.551159649,1016.7114,11,11
hyperion,client,24,29757,29.56636757,1006.4476,12,12
hyperion,client,24,29702,29.56676632,1004.5738,12,12
hyperion,client,24,29786,29.562988987,1007.5436,12,12
hyperion,client,24,29776,29.56286601,1007.2095,12,12
hyperion,client,24,29624,29.562465613,1002.0815,12,12
hyperion,client,24,29697,29.560030663,1004.6336,12,12
hyperion,client,24,29781,29.565150888,1007.3008,12,12
hyperion,client,24,29739,29.564884657,1005.8893,12,12
hyperion,client,24,29719,29.554790523,1005.5561,12,12
hyperion,client,24,29723,29.560033433,1005.5131,12,12
hyperion,client,24,29668,29.565405128,1003.4701,12,12
hyperion,client,24,29688,29.560267725,1004.3211,12,12
hyperion,client,24,29745,29.56596161,1006.0556,12,12
hyperion,client,24,29686,29.558508265,1004.3132,12,12
hyperion,client,24,29807,29.563156477,1008.2482,12,12
hyperion,client,24,29818,29.56274684,1008.6343,12,12
hyperion,client,24,29697,29.558395369,1004.6892,12,12
hyperion,client,24,29791,29.561951618,1007.7481,12,12
hyperion,client,24,29749,29.561271335,1006.3505,12,12
hyperion,client,24,29684,29.561602728,1004.1404,12,12
hyperion,client,24,29842,29.557292972,1009.6324,12,12
hyperion,client,24,29771,29.565028625,1006.9667,12,12
hyperion,client,24,29649,29.566155629,1002.802,12,12
hyperion,client,24,29714,29.563064392,1005.1055,12,12
hyperion,client,24,29673,29.563508085,1003.7036,12,12
hyperion,client,24,29772,29.565905272,1006.9707,12,12
hyperion,client,24,29732,29.569364329,1005.5001,12,12
hyperion,client,24,29797,29.566960011,1007.7803,12,12
hyperion,client,24,29724,29.565437765,1005.3631,12,12
hyperion,client,24,29736,29.564139702,1005.8131,12,12
hyperion,client,24,29744,29.569596665,1005.8981,12,12
hyperion,client,24,29793,29.563199009,1007.7732,12,12
hyperion,client,24,29729,29.562942508,1005.6171,12,12
hyperion,client,24,29767,29.564342031,1006.8548,12,12
hyperion,client,24,29794,29.566091821,1007.7084,12,12
hyperion,client,24,29750,29.564582756,1006.2716,12,12
hyperion,client,24,29653,29.561917123,1003.0811,12,12
hyperion,client,24,29631,29.564199481,1002.2595,12,12
hyperion,client,24,29627,29.56468623,1002.1077,12,12
hyperion,client,24,29676,29.56294794,1003.8241,12,12
hyperion,client,24,29645,29.559236711,1002.9014,12,12
hyperion,client,24,29736,29.559022968,1005.9872,12,12
hyperion,client,24,29689,29.56345544,1004.2466,12,12
hyperion,client,24,29778,29.561557704,1007.3217,12,12
hyperion,client,24,29604,29.567691155,1001.228,12,12
hyperion,client,24,29687,29.564477397,1004.1443,12,12
hyperion,client,24,29702,29.559339169,1004.8263,12,12
hyperion,client,24,29630,29.562685465,1002.277,12,12
hyperion,client,24,29856,29.563085274,1009.9081,12,12
hyperion,client,24,29756,29.565086232,1006.4574,12,12
hyperion,client,24,29814,29.564343899,1008.4445,12,12
hyperion,client,24,29721,29.564294828,1005.3005,12,12
hyperion,client,24,29654,29.563461261,1003.0625,12,12
hyperion,client,24,29790,29.565422436,1007.596,12,12
hyperion,client,24,29801,29.560656908,1008.1305,12,12
hyperion,client,24,29758,29.562274821,1006.6208,12,12
hyperion,client,24,29705,29.561144422,1004.8664,12,12
hyperion,client,24,29706,29.552567541,1005.1918,12,12
hyperion,client,24,29713,29.56517337,1005.0,12,12
hyperion,client,24,29717,29.562973506,1005.2101,12,12
hyperion,client,26,29427,29.566743558,995.2736,13,13
hyperion,client,26,29424,29.571123711,995.0248,13,13
hyperion,client,26,29371,29.570316575,993.2596,13,13
hyperion,client,26,29395,29.568634326,994.1278,13,13
hyperion,client,26,29455,29.570736888,996.0861,13,13
hyperion,client,26,29481,29.572447662,996.9077,13,13
hyperion,client,26,29435,29.573622755,995.3126,13,13
hyperion,client,26,29396,29.564477437,994.3014,13,13
hyperion,client,26,29405,29.56915865,994.4483,13,13
hyperion,client,26,29437,29.571640511,995.447,13,13
hyperion,client,26,29388,29.572182657,993.7718,13,13
hyperion,client,26,29345,29.568534782,992.4401,13,13
hyperion,client,26,29412,29.571034114,994.622,13,13
hyperion,client,26,29438,29.567140444,995.6323,13,13
hyperion,client,26,29381,29.566249251,993.7344,13,13
hyperion,client,26,29327,29.571565785,991.7297,13,13
hyperion,client,26,29402,29.57373286,994.1931,13,13
hyperion,client,26,29467,29.573508791,996.3985,13,13
hyperion,client,26,29331,29.57171785,991.8599,13,13
hyperion,client,26,29395,29.570329126,994.0708,13,13
hyperion,client,26,29382,29.568959743,993.6772,13,13
hyperion,client,26,29449,29.562588731,996.1577,13,13
hyperion,client,26,29468,29.568638589,996.5964,13,13
hyperion,client,26,29405,29.570129469,994.4157,13,13
hyperion,client,26,29385,29.569212564,993.7701,13,13
hyperion,client,26,29401,29.571024057,994.2503,13,13
hyperion,client,26,29491,29.573698748,997.2036,13,13
hyperion,client,26,29409,29.573008896,994.4541,13,13
hyperion,client,26,29492,29.570447182,997.3471,13,13
hyperion,client,26,29518,29.567765415,998.3169,13,13
hyperion,client,26,29516,29.570895848,998.1436,13,13
hyperion,client,26,29501,29.577275277,997.4212,13,13
hyperion,client,26,29527,29.574275763,998.4015,13,13
hyperion,client,26,29510,29.573221065,997.8622,13,13
hyperion,client,26,29587,29.571481813,1000.5248,13,13
hyperion,client,26,29540,29.57411694,998.8464,13,13
hyperion,client,26,29484,29.570783298,997.0652,13,13
hyperion,client,26,29487,29.570849853,997.1644,13,13
hyperion,client,26,29533,29.57675477,998.5206,13,13
hyperion,client,26,29470,29.569076418,996.6493,13,13
hyperion,client,26,29576,29.567168363,1000.2987,13,13
hyperion,client,26,29466,29.572997533,996.3819,13,13
hyperion,client,26,29556,29.566800979,999.6347,13,13
hyperion,client,26,29520,29.566565926,998.425,13,13
hyperion,client,26,29511,29.574157556,997.8644,13,13
hyperion,client,26,29577,29.567227127,1000.3305,13,13
hyperion,client,26,29455,29.565168804,996.2737,13,13
hyperion,client,26,29522,29.569024588,998.4097,13,13
hyperion,client,26,29503,29.573358552,997.6209,13,13
hyperion,client,26,29453,29.568327049,996.0996,13,13
hyperion,client,26,29460,29.568205543,996.3405,13,13
hyperion,client,26,29545,29.567420231,999.2417,13,13
hyperion,client,26,29360,29.575634676,992.709,13,13
hyperion,client,26,29395,29.568845567,994.1207,13,13
hyperion,client,26,29528,29.569066753,998.6112,13,13
hyperion,client,26,29469,29.574925668,996.4184,13,13
hyperion,client,26,29274,29.572643591,989.9014,13,13
hyperion,client,26,29443,29.576874158,995.4737,13,13
hyperion,client,26,29455,29.570668579,996.0884,13,13
hyperion,client,26,29504,29.568566584,997.8164,13,13
hyperion,client,26,29391,29.557345661,994.3721,13,13
hyperion,client,26,29336,29.570905136,992.0562,13,13
hyperion,client,26,29351,29.571830946,992.5324,13,13
hyperion,client,26,29425,29.569700547,995.1065,13,13
hyperion,client,26,29364,29.573198214,992.9261,13,13
hyperion,client,28,28956,29.587729702,978.6489,14,14
hyperion,client,28,28838,29.585112753,974.747,14,14
hyperion,client,28,28836,29.578527543,974.8964,14,14
hyperion,client,28,28828,29.588139348,974.3093,14,14
hyperion,client,28,28850,29.585625591,975.1357,14,14
hyperion,client,28,28907,29.584149504,977.1111,14,14
hyperion,client,28,28777,29.583132973,972.7503,14,14
hyperion,client,28,28810,29.590794717,973.6136,14,14
hyperion,client,28,28891,29.590131598,976.3728,14,14
hyperion,client,28,28881,29.586222896,976.1638,14,14
hyperion,client,28,28858,29.578832837,975.6301,14,14
hyperion,client,28,28769,29.586544962,972.3677,14,14
hyperion,client,28,28845,29.583994636,975.0205,14,14
hyperion,client,28,28862,29.588075565,975.4605,14,14
hyperion,client,28,28789,29.579559075,973.2735,14,14
hyperion,client,28,28839,29.586510575,974.7348,14,14
hyperion,client,28,28807,29.582902833,973.7719,14,14
hyperion,client,28,28829,29.585035374,974.4453,14,14
hyperion,client,28,28908,29.579289717,977.3054,14,14
hyperion,client,28,28781,29.591130258,972.6225,14,14
hyperion,client,28,28897,29.588350256,976.6344,14,14
hyperion,client,28,28831,29.583039723,974.5787,14,14
hyperion,client,28,28863,29.585692971,975.5729,14,14
hyperion,client,28,28812,29.584765054,973.8796,14,14
hyperion,client,28,28837,29.589658122,974.5635,14,14
hyperion,client,28,28829,29.583496819,974.496,14,14
hyperion,client,28,28781,29.583857398,972.8616,14,14
hyperion,client,28,28887,29.590535401,976.2243,14,14
hyperion,client,28,28778,29.587123876,972.6528,14,14
hyperion,client,28,28757,29.58382241,972.0515,14,14
hyperion,client,28,28863,29.5867098,975.5394,14,14
hyperion,client,28,28742,29.577606047,971.7487,14,14
hyperion,client,28,28765,29.583981312,972.3167,14,14
hyperion,client,28,28762,29.58574287,972.1574,14,14
hyperion,client,28,28761,29.581319218,972.269,14,14
hyperion,client,28,28735,29.58024362,971.4254,14,14
hyperion,client,28,28822,29.587076647,974.1415,14,14
hyperion,client,28,28771,29.58511257,972.4824,14,14
hyperion,client,28,28792,29.586202964,973.1563,14,14
hyperion,client,28,28789,29.581032319,973.225,14,14
hyperion,client,28,28814,29.590056634,973.7731,14,14
hyperion,client,28,28742,29.580085132,971.6673,14,14
hyperion,client,28,28882,29.588746408,976.1144,14,14
hyperion,client,28,28851,29.588150464,975.0863,14,14
hyperion,client,28,28871,29.585252757,975.8578,14,14
hyperion,client,28,28881,29.581345426,976.3248,14,14
hyperion,client,28,28959,29.588371769,978.7291,14,14
hyperion,client,28,28875,29.587822835,975.9082,14,14
hyperion,client,28,28825,29.588857339,974.1843,14,14
hyperion,client,28,28953,29.589404903,978.4921,14,14
hyperion,client,28,28824,29.586457815,974.2295,14,14
hyperion,client,28,28901,29.586808856,976.8205,14,14
hyperion,client,28,28844,29.585933706,974.9228,14,14
hyperion,client,28,28837,29.588442085,974.6035,14,14
hyperion,client,28,28905,29.585586458,976.996,14,14
hyperion,client,28,28806,29.589281345,973.5282,14,14
hyperion,client,28,28967,29.575188678,979.4358,14,14
hyperion,client,28,28837,29.581865847,974.8202,14,14
hyperion,client,28,28865,29.581265947,975.7865,14,14
hyperion,client,28,28881,29.582861314,976.2747,14,14
hyperion,client,28,28879,29.578464697,976.3522,14,14
hyperion,client,28,28852,29.582851694,975.2948,14,14
hyperion,client,28,28864,29.581208247,975.7546,14,14
hyperion,client,28,28881,29.584708363,976.2138,14,14
hyperion,client,28,28815,29.584687922,973.9836,14,14
hyperion,client,28,28874,29.579841688,976.1377,14,14
hyperion,client,28,28819,29.58383629,974.1468,14,14
hyperion,client,28,28879,29.582211153,976.2286,14,14
hyperion,client,28,28854,29.584230781,975.3169,14,14
hyperion,client,28,28932,29.579989214,978.0937,14,14
hyperion,client,30,28149,29.599975442,950.9805,15,15
hyperion,client,30,28112,29.598127122,949.7898,15,15
hyperion,client,30,28105,29.602011681,949.4287,15,15
hyperion,client,30,27994,29.600553644,945.7256,15,15
hyperion,client,30,27965,29.598079089,944.8248,15,15
hyperion,client,30,28020,29.601416264,946.5763,15,15
hyperion,client,30,28070,29.600771233,948.2861,15,15
hyperion,client,30,28033,29.597741733,947.1331,15,15
hyperion,client,30,27991,29.597611523,945.7182,15,15
hyperion,client,30,28029,29.596436587,947.0397,15,15
hyperion,client,30,27950,29.60424899,944.1212,15,15
hyperion,client,30,28085,29.601789365,948.7602,15,15
hyperion,client,30,28067,29.59723716,948.298,15,15
hyperion,client,30,28024,29.601642484,946.7042,15,15
hyperion,client,30,27968,29.601331522,944.8224,15,15
hyperion,client,30,28133,29.591428234,950.7145,15,15
hyperion,client,30,28149,29.595653644,951.1194,15,15
hyperion,client,30,28168,29.597771354,951.6933,15,15
hyperion,client,30,28073,29.589556743,948.7469,15,15
hyperion,client,30,28127,29.591853615,950.4981,15,15
hyperion,client,30,28184,29.596200392,952.2844,15,15
hyperion,client,30,28168,29.594406056,951.8015,15,15
hyperion,client,30,28165,29.596907531,951.6197,15,15
hyperion,client,30,28166,29.605106169,951.3899,15,15
hyperion,client,30,28132,29.597329761,950.4911,15,15
hyperion,client,30,28015,29.596058102,946.5788,15,15
hyperion,client,30,28139,29.602079149,950.5751,15,15
hyperion,client,30,27987,29.593592416,945.7115,15,15
hyperion,client,30,28086,29.591945898,949.1096,15,15
hyperion,client,30,28015,29.598469645,946.5016,15,15
hyperion,client,30,28215,29.595623733,953.3504,15,15
hyperion,client,30,28217,29.596169097,953.4004,15,15
hyperion,client,30,28109,29.596916301,949.7273,15,15
hyperion,client,30,28079,29.596252962,948.735,15,15
hyperion,client,30,28148,29.595231291,951.0992,15,15
hyperion,client,30,28189,29.595277096,952.4831,15,15
hyperion,client,30,28182,29.597182297,952.1852,15,15
hyperion,client,30,28190,29.600227386,952.3575,15,15
hyperion,client,30,28159,29.597702862,951.3914,15,15
hyperion,client,30,28113,29.593101035,949.9849,15,15
hyperion,client,30,28193,29.596253472,952.5868,15,15
hyperion,client,30,28164,29.596450531,951.6006,15,15
hyperion,client,30,28106,29.598737848,949.5675,15,15
hyperion,client,30,28183,29.604797253,951.9741,15,15
hyperion,client,30,28152,29.597622551,951.1575,15,15
hyperion,client,30,28209,29.59882896,953.0445,15,15
hyperion,client,30,28257,29.595569959,954.7713,15,15
hyperion,client,30,28253,29.599908376,954.4962,15,15
hyperion,client,30,28270,29.601222897,955.0281,15,15
hyperion,client,30,28195,29.598660671,952.5769,15,15
hyperion,client,30,28297,29.598945709,956.0138,15,15
hyperion,client,30,28256,29.603087328,954.495,15,15
hyperion,client,30,28250,29.596221194,954.5137,15,15
hyperion,client,30,28178,29.595413455,952.107,15,15
hyperion,client,30,28239,29.599088002,954.0497,15,15
hyperion,client,30,28289,29.596157052,955.8336,15,15
hyperion,client,30,28219,29.600022238,953.3439,15,15
hyperion,client,30,28163,29.600649042,951.4318,15,15
hyperion,client,30,28163,29.592021754,951.7092,15,15
hyperion,client,30,28299,29.603442177,955.9361,15,15
hyperion,client,30,28097,29.598092077,949.2842,15,15
hyperion,client,30,27950,29.595081153,944.4137,15,15
hyperion,client,30,28047,29.594387637,947.7135,15,15
hyperion,client,30,28140,29.59922168,950.7007,15,15
hyperion,client,30,28124,29.596140188,950.259,15,15
hyperion,client,30,28125,29.593907909,950.3645,15,15
hyperion,client,30,28114,29.595216252,949.9508,15,15
hyperion,client,30,28097,29.596705898,949.3286,15,15
hyperion,client,30,28159,29.600683216,951.2956,15,15
hyperion,client,30,28042,29.60059545,947.3458,15,15
hyperion,client,30,28107,29.602688737,949.4746,15,15
hyperion,client,30,28134,29.599456278,950.4904,15,15
hyperion,client,30,28058,29.601192935,947.8672,15,15
hyperion,client,30,27952,29.599541297,944.339,15,15
hyperion,client,30,28011,29.598701072,946.3591,15,15
hyperion,client,32,27185,29.601816121,918.3558,16,16
hyperion,client,32,27303,29.611044828,922.0546,16,16
hyperion,client,32,27261,29.613205511,920.569,16,16
hyperion,client,32,27322,29.608318467,922.7812,16,16
hyperion,client,32,27402,29.613697546,925.315,16,16
hyperion,client,32,27259,29.610730984,920.5784,16,16
hyperion,client,32,27318,29.611073113,922.5603,16,16
hyperion,client,32,27263,29.613557729,920.6256,16,16
hyperion,client,32,27293,29.609805666,921.7555,16,16
hyperion,client,32,27242,29.606767225,920.1275,16,16
hyperion,client,32,27258,29.60983816,920.5724,16,16
hyperion,client,32,27263,29.608916916,920.7699,16,16
hyperion,client,32,27252,29.610511414,920.3488,16,16
hyperion,client,32,27386,29.616830387,924.6769,16,16
hyperion,client,32,27355,29.614214162,923.7118,16,16
hyperion,client,32,27315,29.611881073,922.4338,16,16
hyperion,client,32,27249,29.608185264,920.3198,16,16
hyperion,client,32,27270,29.613317377,920.8695,16,16
hyperion,client,32,27314,29.613395059,922.3529,16,16
hyperion,client,32,27354,29.61737732,923.5794,16,16
hyperion,client,32,27291,29.610780827,921.6576,16,16
hyperion,client,32,27261,29.607698205,920.7403,16,16
hyperion,client,32,27234,29.612496937,919.6793,16,16
hyperion,client,32,27355,29.606552307,923.9509,16,16
hyperion,client,32,27309,29.610157817,922.2849,16,16
hyperion,client,32,27431,29.61347438,926.3013,16,16
hyperion,client,32,27271,29.61379418,920.8884,16,16
hyperion,client,32,27285,29.612184503,921.4113,16,16
hyperion,client,32,27222,29.609201555,919.3764,16,16
hyperion,client,32,27361,29.607047552,924.1381,16,16
hyperion,client,32,27342,29.61532796,923.2381,16,16
hyperion,client,32,27315,29.617770915,922.2504,16,16
hyperion,client,32,27283,29.616787348,921.2005,16,16
hyperion,client,32,27370,29.615566436,924.1761,16,16
hyperion,client,32,27453,29.615732622,926.9735,16,16
hyperion,client,32,27351,29.610158699,923.7033,16,16
hyperion,client,32,27314,29.600490029,922.755,16,16
hyperion,client,32,27304,29.613939788,921.9982,16,16
hyperion,client,32,27339,29.611791651,923.2471,16,16
hyperion,client,32,27420,29.6110875,926.0045,16,16
hyperion,client,32,27348,29.615058293,923.4491,16,16
hyperion,client,32,27308,29.613497977,922.1471,16,16
hyperion,client,32,27515,29.61750638,929.0114,16,16
hyperion,client,32,27301,29.615859429,921.8372,16,16
hyperion,client,32,27482,29.617424855,927.8997,16,16
hyperion,client,32,27291,29.610278392,921.6732,16,16
hyperion,client,32,27376,29.611067607,924.5192,16,16
hyperion,client,32,27320,29.615876429,922.4782,16,16
hyperion,client,32,27334,29.6049903,923.2903,16,16
hyperion,client,32,27429,29.615801292,926.161,16,16
hyperion,client,32,27405,29.605854873,925.6615,16,16
hyperion,client,32,27478,29.6072953,928.0821,16,16
hyperion,client,32,27407,29.609153389,925.6259,16,16
hyperion,client,32,27515,29.61245069,929.17,16,16
hyperion,client,32,27474,29.606129016,927.9835,16,16
hyperion,client,32,27516,29.61224378,929.2102,16,16
hyperion,client,32,27369,29.608431773,924.3651,16,16
hyperion,client,32,27516,29.601301526,929.5537,16,16
hyperion,client,32,27504,29.612910376,928.7841,16,16
hyperion,client,32,27487,29.612583505,928.2203,16,16
hyperion,client,32,27418,29.604097444,926.1556,16,16
hyperion,client,32,27404,29.615928313,925.3129,16,16
hyperion,client,32,27501,29.610285351,928.7651,16,16
hyperion,client,32,27492,29.614200712,928.3384,16,16
hyperion,client,32,27325,29.610430628,922.8167,16,16
hyperion,client,32,27349,29.614481468,923.5009,16,16
hyperion,client,32,27391,29.612743475,924.9734,16,16
hyperion,client,32,27341,29.613189365,923.271,16,16
hyperion,client,32,27404,29.614557218,925.3557,16,16
hyperion,client,32,27354,29.614025506,923.6839,16,16
hyperion,client,32,27385,29.612885304,924.7664,16,16
hyperion,client,32,27349,29.61020835,923.6342,16,16
hyperion,client,32,27301,29.610148296,922.015,16,16
hyperion,client,32,27432,29.614906191,926.2903,16,16
hyperion,client,32,27252,29.61218774,920.2967,16,16
hyperion,client,32,27419,29.610267479,925.9964,16,16
hyperion,client,32,27300,29.616728066,921.7764,16,16
hyperion,client,32,27407,29.612799817,925.5119,16,16
hyperion,client,32,27370,29.614224248,924.218,16,16
hyperion,client,32,27379,29.60917652,924.6795,16,16
hyperion,client,34,26719,29.624542084,901.9211,17,17
hyperion,client,34,26748,29.626258304,902.8477,17,17
hyperion,client,34,26679,29.627786089,900.4723,17,17
hyperion,client,34,26685,29.62586617,900.7332,17,17
hyperion,client,34,26730,29.622553511,902.353,17,17
hyperion,client,34,26732,29.617112784,902.5863,17,17
hyperion,client,34,26661,29.625589488,899.9315,17,17
hyperion,client,34,26775,29.626540728,903.7505,17,17
hyperion,client,34,26662,29.626854229,899.9268,17,17
hyperion,client,34,26637,29.622420905,899.2175,17,17
hyperion,client,34,26657,29.6258474,899.7886,17,17
hyperion,client,34,26609,29.626962069,898.1346,17,17
hyperion,client,34,26707,29.623168263,901.5579,17,17
hyperion,client,34,26706,29.628236157,901.3699,17,17
hyperion,client,34,26688,29.623285438,900.9129,17,17
hyperion,client,34,26673,29.628346933,900.2527,17,17
hyperion,client,34,26656,29.620170552,899.9273,17,17
hyperion,client,34,26847,29.62401278,906.258,17,17
hyperion,client,34,26741,29.622378977,902.7297,17,17
hyperion,client,34,26920,29.630034743,908.5376,17,17
hyperion,client,34,26749,29.62259284,902.9932,17,17
hyperion,client,34,26802,29.625463356,904.6947,17,17
hyperion,client,34,26823,29.618326512,905.6217,17,17
hyperion,client,34,26727,29.62741324,902.1037,17,17
hyperion,client,34,26751,29.619289376,903.1614,17,17
hyperion,client,34,26703,29.620001899,901.5192,17,17
hyperion,client,34,26745,29.625763156,902.7616,17,17
hyperion,client,34,26760,29.619929543,903.4458,17,17
hyperion,client,34,26733,29.630133553,902.2234,17,17
hyperion,client,34,26725,29.624047821,902.1387,17,17
hyperion,client,34,26816,29.628036359,905.0887,17,17
hyperion,client,34,26667,29.614049226,900.4848,17,17
hyperion,client,34,26719,29.62343137,901.9549,17,17
hyperion,client,34,26684,29.627707405,900.6434,17,17
hyperion,client,34,26531,29.631845578,895.3543,17,17
hyperion,client,34,26547,29.626278974,896.0626,17,17
hyperion,client,34,26650,29.629360475,899.4457,17,17
hyperion,client,34,26635,29.619979893,899.2241,17,17
hyperion,client,34,26544,29.626534371,895.9536,17,17
hyperion,client,34,26558,29.623581059,896.5155,17,17
hyperion,client,34,26571,29.629953338,896.7615,17,17
hyperion,client,34,26624,29.623328753,898.7511,17,17
hyperion,client,34,26559,29.627121468,896.4421,17,17
hyperion,client,34,26564,29.623480219,896.7211,17,17
hyperion,client,34,26567,29.628898719,896.6584,17,17
hyperion,client,34,26586,29.627256368,897.3494,17,17
hyperion,client,34,26626,29.621801911,898.865,17,17
hyperion,client,34,26569,29.621323108,896.9552,17,17
hyperion,client,34,26590,29.626435493,897.5093,17,17
hyperion,client,34,26650,29.630347991,899.4157,17,17
hyperion,client,34,26621,29.623470643,898.6455,17,17
hyperion,client,34,26695,29.627719371,901.0143,17,17
hyperion,client,34,26718,29.626245059,901.8355,17,17
hyperion,client,34,26692,29.626193103,900.9595,17,17
hyperion,client,34,26832,29.624283171,905.7434,17,17
hyperion,client,34,26740,29.628310057,902.5152,17,17
hyperion,client,34,26721,29.627341568,901.9034,17,17
hyperion,client,34,26568,29.620312137,896.9521,17,17
hyperion,client,34,26707,29.621414956,901.6112,17,17
hyperion,client,34,26727,29.6220405,902.2674,17,17
hyperion,client,34,26758,29.621152807,903.3409,17,17
hyperion,client,34,26666,29.625305129,900.1089,17,17
hyperion,client,34,26758,29.629654425,903.0817,17,17
hyperion,client,34,26778,29.624374246,903.9178,17,17
hyperion,client,34,26735,29.62420048,902.4716,17,17
hyperion,client,34,26732,29.631176103,902.1579,17,17
hyperion,client,34,26792,29.62691023,904.313,17,17
hyperion,client,34,26658,29.626981902,899.7879,17,17
hyperion,client,34,26776,29.624778603,903.838,17,17
hyperion,client,34,26859,29.623313998,906.6845,17,17
hyperion,client,34,26710,29.622752026,901.6718,17,17
hyperion,client,34,26709,29.624899665,901.5727,17,17
hyperion,client,34,26624,29.613302153,899.0554,17,17
hyperion,client,34,26793,29.617035187,904.6483,17,17
hyperion,client,34,26671,29.623621688,900.3288,17,17
hyperion,client,34,26696,29.624390484,901.1493,17,17
hyperion,client,34,26901,29.625014281,908.0502,17,17
hyperion,client,34,26740,29.625763454,902.5928,17,17
hyperion,client,34,26767,29.62663412,903.4776,17,17
hyperion,client,34,26820,29.630511279,905.1481,17,17
hyperion,client,34,26697,29.628706503,901.0518,17,17
hyperion,client,34,26789,29.622889463,904.3345,17,17
hyperion,client,34,26704,29.62025532,901.5452,17,17
hyperion,client,34,26666,29.61801078,900.3306,17,17
hyperion,client,34,26797,29.625658116,904.52,17,17
hyperion,client,36,25663,29.63342154,866.0154,18,18
hyperion,client,36,25806,29.631180016,870.9069,18,18
hyperion,client,36,25663,29.636341702,865.9301,18,18
hyperion,client,36,25754,29.636354986,869.0003,18,18
hyperion,client,36,25784,29.62949977,870.2138,18,18
hyperion,client,36,25750,29.635978643,868.8763,18,18
hyperion,client,36,25758,29.633201869,869.2277,18,18
hyperion,client,36,25629,29.634814852,864.8274,18,18
hyperion,client,36,25729,29.633214519,868.2487,18,18
hyperion,client,36,25706,29.632115498,867.5047,18,18
hyperion,client,36,25769,29.634454505,869.5622,18,18
hyperion,client,36,25592,29.636378693,863.5333,18,18
hyperion,client,36,25672,29.633591791,866.3142,18,18
hyperion,client,36,25719,29.638094126,867.7683,18,18
hyperion,client,36,25658,29.631181157,865.9122,18,18
hyperion,client,36,25739,29.636186557,868.4991,18,18
hyperion,client,36,25680,29.631167508,866.655,18,18
hyperion,client,36,25780,29.637737147,869.837,18,18
hyperion,client,36,25932,29.636058451,875.0151,18,18
hyperion,client,36,25868,29.631951041,872.9766,18,18
hyperion,client,36,25973,29.626974449,876.6673,18,18
hyperion,client,36,25916,29.632969325,874.5664,18,18
hyperion,client,36,25948,29.634660578,875.5963,18,18
hyperion,client,36,25923,29.62954833,874.9037,18,18
hyperion,client,36,25896,29.628195514,874.0323,18,18
hyperion,client,36,25834,29.634818423,871.7448,18,18
hyperion,client,36,25955,29.632011303,875.9108,18,18
hyperion,client,36,25740,29.630342923,868.7041,18,18
hyperion,client,36,25877,29.62685,873.4307,18,18
hyperion,client,36,25881,29.628024171,873.5311,18,18
hyperion,client,36,25871,29.626489299,873.2388,18,18
hyperion,client,36,25783,29.622401559,870.3886,18,18
hyperion,client,36,25818,29.638256977,871.1039,18,18
hyperion,client,36,25862,29.628318603,872.8811,18,18
hyperion,client,36,25990,29.620410532,877.4355,18,18
hyperion,client,36,25781,29.63438805,869.969,18,18
hyperion,client,36,25783,29.646271372,869.6878,18,18
hyperion,client,36,25686,29.631879241,866.8367,18,18
hyperion,client,36,25750,29.648966479,868.4957,18,18
hyperion,client,36,25644,29.648560667,864.9324,18,18
hyperion,client,36,25668,29.644793309,865.8519,18,18
hyperion,client,36,25653,29.647032045,865.2805,18,18
hyperion,client,36,25716,29.64627566,867.4277,18,18
hyperion,client,36,25682,29.645908258,866.2916,18,18
hyperion,client,36,25697,29.644859918,866.8282,18,18
hyperion,client,36,25703,29.641101728,867.1405,18,18
hyperion,client,36,25613,29.648987803,863.8743,18,18
hyperion,client,36,25609,29.638582088,864.0427,18,18
hyperion,client,36,25712,29.636370692,867.5826,18,18
hyperion,client,36,25706,29.647481296,867.0551,18,18
hyperion,client,36,25663,29.646922668,865.621,18,18
hyperion,client,36,25625,29.637528455,864.6133,18,18
hyperion,client,36,25759,29.638740253,869.099,18,18
hyperion,client,36,25644,29.641708256,865.1323,18,18
hyperion,client,36,25561,29.635697143,862.5071,18,18
hyperion,client,36,25456,29.638711453,858.8767,18,18
hyperion,client,36,25605,29.632410135,864.0877,18,18
hyperion,client,36,25565,29.642236585,862.4518,18,18
hyperion,client,36,25686,29.632648589,866.8142,18,18
hyperion,client,36,25555,29.635353162,862.3147,18,18
hyperion,client,36,25626,29.635962216,864.6927,18,18
hyperion,client,36,25627,29.633081958,864.8105,18,18
hyperion,client,36,25494,29.635117614,860.2632,18,18
hyperion,client,36,25653,29.635364407,865.6212,18,18
hyperion,client,36,25601,29.640848065,863.7067,18,18
hyperion,client,36,25601,29.632772768,863.9421,18,18
hyperion,client,36,25695,29.635391707,867.0376,18,18
hyperion,client,36,25626,29.636151346,864.6872,18,18
hyperion,client,36,25540,29.636608567,861.772,18,18
hyperion,client,36,25696,29.638225674,866.9885,18,18
hyperion,client,36,25532,29.630289917,861.6858,18,18
hyperion,client,36,25647,29.640747384,865.2616,18,18
hyperion,client,36,25752,29.648541809,868.5756,18,18
hyperion,client,36,25859,29.644194104,872.3125,18,18
hyperion,client,36,25887,29.649724177,873.0941,18,18
hyperion,client,36,25821,29.641230073,871.1177,18,18
hyperion,client,36,25794,29.644502613,870.1107,18,18
hyperion,client,36,25787,29.645597853,869.8425,18,18
hyperion,client,36,25804,29.641802721,870.5274,18,18
hyperion,client,36,25871,29.640001621,872.8407,18,18
hyperion,client,36,25837,29.647361507,871.4772,18,18
hyperion,client,36,25817,29.649609557,870.7366,18,18
hyperion,client,36,25873,29.646751466,872.7094,18,18
hyperion,client,36,25870,29.643669749,872.699,18,18
hyperion,client,36,25819,29.6467558,870.8879,18,18
hyperion,client,36,25806,29.643818059,870.5356,18,18
hyperion,client,36,25810,29.646482195,870.5923,18,18
hyperion,client,36,25687,29.648101212,866.3961,18,18
hyperion,client,36,25746,29.652987619,868.243,18,18
hyperion,client,36,25848,29.650362822,871.76,18,18
lagoon,client,1,48088,29.707081181,1618.7386,1,0
lagoon,client,1,48667,29.704894145,1638.3496,1,0
lagoon,client,1,48341,29.687983191,1628.3019,1,0
lagoon,client,1,47406,29.677190505,1597.3884,1,0
lagoon,client,1,46924,29.660192244,1582.0531,1,0
lagoon,client,2,50637,29.663743631,1707.0334,1,1
lagoon,client,2,50418,29.666367611,1699.5003,1,1
lagoon,client,2,50581,29.667351251,1704.9382,1,1
lagoon,client,2,50042,29.641559425,1688.2378,1,1
lagoon,client,2,50889,29.650346634,1716.3037,1,1
lagoon,client,3,50936,29.630779252,1719.0233,1,2
lagoon,client,3,51002,29.635187859,1720.9947,1,2
lagoon,client,3,50742,29.639662393,1711.9628,1,2
lagoon,client,3,51539,29.663735249,1737.4413,1,2
lagoon,client,3,51910,29.683444074,1748.7863,1,2
lagoon,client,3,52979,29.729544862,1782.032,2,1
lagoon,client,3,52978,29.726349286,1782.1899,2,1
lagoon,client,3,53317,29.73276687,1793.2068,2,1
lagoon,client,3,53327,29.73221962,1793.5762,2,1
lagoon,client,3,53142,29.734107895,1787.2404,2,1
lagoon,client,3,53136,29.735116054,1786.9781,2,1
lagoon,client,3,53281,29.742388213,1791.4163,2,1
lagoon,client,3,53259,29.740741669,1790.7758,2,1
lagoon,client,3,53626,29.729724619,1803.7839,2,1
lagoon,client,3,53601,29.729778123,1802.9398,2,1
lagoon,client,4,53759,29.729680474,1808.2603,2,2
lagoon,client,4,53763,29.730576396,1808.3403,2,2
lagoon,client,4,53437,29.738861474,1796.8744,2,2
lagoon,client,4,53412,29.737408473,1796.1215,2,2
lagoon,client,4,53685,29.731764139,1805.6446,2,2
lagoon,client,4,53675,29.731738525,1805.3098,2,2
lagoon,client,4,53934,29.740349422,1813.4958,2,2
lagoon,client,4,53929,29.739695942,1813.3676,2,2
lagoon,client,4,53797,29.740253702,1808.8951,2,2
lagoon,client,4,53783,29.739376665,1808.4777,2,2
lagoon,client,5,54060,29.731406738,1818.2793,2,3
lagoon,client,5,54046,29.730040316,1817.8919,2,3
lagoon,client,5,54033,29.740023683,1816.8446,2,3
lagoon,client,5,54044,29.738285548,1817.3206,2,3
lagoon,client,5,54098,29.742002468,1818.9091,2,3
lagoon,client,5,54108,29.744667793,1819.0823,2,3
lagoon,client,5,54001,29.734764338,1816.0897,2,3
lagoon,client,5,54007,29.737491995,1816.1249,2,3
lagoon,client,5,54068,29.737885172,1818.1522,2,3
lagoon,client,5,54101,29.741008663,1819.0708,2,3
lagoon,client,5,54707,29.752294827,1838.7489,3,2
lagoon,client,5,54683,29.756699036,1837.6702,3,2
lagoon,client,5,54682,29.753212351,1837.852,3,2
lagoon,client,5,54724,29.752627795,1839.2997,3,2
lagoon,client,5,54714,29.754765807,1838.8315,3,2
lagoon,client,5,54706,29.753188387,1838.6601,3,2
lagoon,client,5,54686,29.748124355,1838.3008,3,2
lagoon,client,5,54645,29.75209655,1836.6773,3,2
lagoon,client,5,54688,29.748058164,1838.3721,3,2
lagoon,client,5,54999,29.752229255,1848.5674,3,2
lagoon,client,5,54988,29.753673462,1848.1079,3,2
lagoon,client,5,55010,29.752613755,1848.9132,3,2
lagoon,client,5,54459,29.74873875,1830.6322,3,2
lagoon,client,5,54491,29.749444268,1831.6645,3,2
lagoon,client,5,54510,29.749588006,1832.2943,3,2
lagoon,client,6,54642,29.75080514,1836.6562,3,3
lagoon,client,6,54649,29.754008449,1836.6937,3,3
lagoon,client,6,54639,29.749919656,1836.61,3,3
lagoon,client,6,54707,29.748199629,1839.002,3,3
lagoon,client,6,54699,29.753420593,1838.4105,3,3
lagoon,client,6,54704,29.751025917,1838.7265,3,3
lagoon,client,6,54733,29.747214054,1839.937,3,3
lagoon,client,6,54732,29.745726892,1839.9954,3,3
lagoon,client,6,54732,29.748944531,1839.7964,3,3
lagoon,client,6,54824,29.751153011,1842.7521,3,3
lagoon,client,6,54824,29.75140007,1842.7368,3,3
lagoon,client,6,54838,29.751908974,1843.1758,3,3
lagoon,client,6,54724,29.7468343,1839.6579,3,3
lagoon,client,6,54729,29.748946139,1839.6954,3,3
lagoon,client,6,54717,29.750524472,1839.1945,3,3
lagoon,client,8,55818,29.748554301,1876.3265,4,4
lagoon,client,8,55861,29.745621153,1877.9571,4,4
lagoon,client,8,55811,29.741809776,1876.5166,4,4
lagoon,client,8,55811,29.747018633,1876.188,4,4
lagoon,client,8,55766,29.741660011,1875.013,4,4
lagoon,client,8,55769,29.73854818,1875.3101,4,4
lagoon,client,8,55780,29.73209676,1876.087,4,4
lagoon,client,8,55771,29.738891799,1875.3557,4,4
lagoon,client,8,55943,29.745503942,1880.7212,4,4
lagoon,client,8,55945,29.744982568,1880.8214,4,4
lagoon,client,8,55938,29.746649657,1880.4807,4,4
lagoon,client,8,55932,29.74534056,1880.3617,4,4
lagoon,client,8,55901,29.744121527,1879.3966,4,4
lagoon,client,8,55885,29.739680435,1879.1392,4,4
lagoon,client,8,55903,29.743697431,1879.4906,4,4
lagoon,client,8,55908,29.742785741,1879.7163,4,4
lagoon,client,8,55821,29.743872019,1876.7227,4,4
lagoon,client,8,55819,29.740919309,1876.8418,4,4
lagoon,client,8,55791,29.730808379,1876.5383,4,4
lagoon,client,8,55759,29.741485076,1874.7887,4,4
lagoon,client,10,55179,29.740927821,1855.3221,5,5
lagoon,client,10,55186,29.740462299,1855.5865,5,5
lagoon,client,10,55242,29.743620355,1857.2722,5,5
lagoon,client,10,55238,29.742999868,1857.1765,5,5
lagoon,client,10,55242,29.741027107,1857.4342,5,5
lagoon,client,10,55272,29.741893625,1858.3887,5,5
lagoon,client,10,55233,29.742071289,1857.0664,5,5
lagoon,client,10,55263,29.74181472,1858.0911,5,5
lagoon,client,10,55221,29.743363536,1856.5822,5,5
lagoon,client,10,55264,29.739880778,1858.2455,5,5
lagoon,client,10,55314,29.745337021,1859.5856,5,5
lagoon,client,10,55296,29.738348289,1859.4173,5,5
lagoon,client,10,55301,29.744379315,1859.2084,5,5
lagoon,client,10,55300,29.745374128,1859.1126,5,5
lagoon,client,10,55279,29.740858522,1858.6888,5,5
lagoon,client,10,55240,29.736473663,1857.6513,5,5
lagoon,client,10,55267,29.731693019,1858.8582,5,5
lagoon,client,10,55261,29.7396239,1858.1607,5,5
lagoon,client,10,55265,29.738928861,1858.3386,5,5
lagoon,client,10,55224,29.740690408,1856.85,5,5
lagoon,client,10,55187,29.742720732,1855.4792,5,5
lagoon,client,10,55150,29.740993005,1854.3429,5,5
lagoon,client,10,55130,29.734743832,1854.06,5,5
lagoon,client,10,55136,29.741752343,1853.8249,5,5
lagoon,client,10,55137,29.738121036,1854.0849,5,5
lagoon,client,12,54281,29.730703187,1825.7557,6,6
lagoon,client,12,54273,29.734635905,1825.2452,6,6
lagoon,client,12,54256,29.73317559,1824.763,6,6
lagoon,client,12,54259,29.73409217,1824.8077,6,6
lagoon,client,12,54308,29.734772851,1826.4138,6,6
lagoon,client,12,54350,29.735829737,1827.7613,6,6
lagoon,client,12,54466,29.736884106,1831.5974,6,6
lagoon,client,12,54469,29.738121965,1831.6221,6,6
lagoon,client,12,54484,29.736987731,1832.1963,6,6
lagoon,client,12,54443,29.741460055,1830.5423,6,6
lagoon,client,12,54447,29.739122578,1830.8207,6,6
lagoon,client,12,54410,29.739838687,1829.5325,6,6
lagoon,client,12,54353,29.737282705,1827.7729,6,6
lagoon,client,12,54378,29.737157161,1828.6213,6,6
lagoon,client,12,54367,29.735992902,1828.323,6,6
lagoon,client,12,54357,29.737094043,1827.919,6,6
lagoon,client,12,54323,29.740876284,1826.5434,6,6
lagoon,client,12,54312,29.738845227,1826.2982,6,6
lagoon,client,12,54246,29.736268735,1824.2369,6,6
lagoon,client,12,54274,29.737426791,1825.1075,6,6
lagoon,client,12,54295,29.73501727,1825.9616,6,6
lagoon,client,12,54275,29.738025651,1825.1044,6,6
lagoon,client,12,54268,29.737780437,1824.884,6,6
lagoon,client,12,54256,29.736254852,1824.5741,6,6
lagoon,client,12,54286,29.737452693,1825.5094,6,6
lagoon,client,12,54256,29.734011624,1824.7117,6,6
lagoon,client,12,54304,29.738737972,1826.0358,6,6
lagoon,client,12,54307,29.737960294,1826.1844,6,6
lagoon,client,12,54352,29.733988024,1827.9418,6,6
lagoon,client,12,54306,29.737230805,1826.1956,6,6
lagoon,client,14,53104,29.729725124,1786.2257,7,7
lagoon,client,14,53199,29.724031637,1789.7639,7,7
lagoon,client,14,53131,29.723329626,1787.5184,7,7
lagoon,client,14,53181,29.72297637,1789.2219,7,7
lagoon,client,14,53234,29.728845061,1790.6515,7,7
lagoon,client,14,53189,29.728720281,1789.1453,7,7
lagoon,client,14,53200,29.728967101,1789.5004,7,7
lagoon,client,14,53357,29.729974108,1794.7207,7,7
lagoon,client,14,53417,29.730088019,1796.732,7,7
lagoon,client,14,53349,29.735458226,1794.1207,7,7
lagoon,client,14,53355,29.731997815,1794.5313,7,7
lagoon,client,14,53361,29.73092797,1794.7977,7,7
lagoon,client,14,53303,29.728304433,1793.0051,7,7
lagoon,client,14,53404,29.733133248,1796.1107,7,7
lagoon,client,14,53275,29.734698604,1791.6778,7,7
lagoon,client,14,53354,29.731818038,1794.5085,7,7
lagoon,client,14,53323,29.733330826,1793.3746,7,7
lagoon,client,14,53350,29.731056994,1794.4199,7,7
lagoon,client,14,53371,29.729928829,1795.1943,7,7
lagoon,client,14,53371,29.728309629,1795.2921,7,7
lagoon,client,14,53336,29.731483802,1793.9232,7,7
lagoon,client,14,53474,29.734369665,1798.3902,7,7
lagoon,client,14,53517,29.734803891,1799.8101,7,7
lagoon,client,14,53439,29.734558088,1797.2018,7,7
lagoon,client,14,53506,29.735153504,1799.419,7,7
lagoon,client,14,53455,29.734169938,1797.7633,7,7
lagoon,client,14,53439,29.731590194,1797.3812,7,7
lagoon,client,14,53465,29.734274273,1798.0933,7,7
lagoon,client,14,53401,29.724798658,1796.5134,7,7
lagoon,client,14,53268,29.733379162,1791.5219,7,7
lagoon,client,14,53314,29.731422812,1793.187,7,7
lagoon,client,14,53341,29.735504647,1793.8488,7,7
lagoon,client,14,53361,29.731655976,1794.7537,7,7
lagoon,client,14,53305,29.727979547,1793.0919,7,7
lagoon,client,14,53378,29.734775798,1795.1371,7,7
lagoon,client,16,52022,29.729243638,1749.8595,8,8
lagoon,client,16,51923,29.730175253,1746.4747,8,8
lagoon,client,16,52040,29.732116332,1750.2959,8,8
lagoon,client,16,52042,29.732187053,1750.359,8,8
lagoon,client,16,51923,29.728440195,1746.5767,8,8
lagoon,client,16,51964,29.72740427,1748.0167,8,8
lagoon,client,16,51956,29.72535054,1747.8684,8,8
lagoon,client,16,52018,29.725811045,1749.927,8,8
lagoon,client,16,52150,29.72998217,1754.1215,8,8
lagoon,client,16,52062,29.727904724,1751.2839,8,8
lagoon,client,16,51992,29.725485176,1749.0715,8,8
lagoon,client,16,52068,29.731797772,1751.2564,8,8
lagoon,client,16,51949,29.732334967,1747.2223,8,8
lagoon,client,16,52119,29.733485532,1752.8722,8,8
lagoon,client,16,52235,29.733727828,1756.7592,8,8
lagoon,client,16,51974,29.728110628,1748.3116,8,8
lagoon,client,16,52239,29.730360039,1757.0927,8,8
lagoon,client,16,52120,29.728728045,1753.1863,8,8
lagoon,client,16,52053,29.729147415,1750.9079,8,8
lagoon,client,16,52065,29.731797782,1751.1555,8,8
lagoon,client,16,52061,29.725266485,1751.4057,8,8
lagoon,client,16,52027,29.725211243,1750.2651,8,8
lagoon,client,16,52110,29.731089165,1752.7108,8,8
lagoon,client,16,51961,29.723170929,1748.1648,8,8
lagoon,client,16,51993,29.725246609,1749.1192,8,8
lagoon,client,16,52045,29.735148397,1750.2855,8,8
lagoon,client,16,52057,29.724573462,1751.3119,8,8
lagoon,client,16,52097,29.731349177,1752.2582,8,8
lagoon,client,16,51992,29.731863769,1748.6963,8,8
lagoon,client,16,51967,29.731864474,1747.8554,8,8
lagoon,client,16,51973,29.726403456,1748.3783,8,8
lagoon,client,16,51982,29.733205085,1748.2811,8,8
lagoon,client,16,51885,29.728491203,1745.2954,8,8
lagoon,client,16,51899,29.730415664,1745.6534,8,8
lagoon,client,16,51882,29.728651962,1745.1851,8,8
lagoon,client,16,51960,29.730205667,1747.7175,8,8
lagoon,client,16,51885,29.729649118,1745.2275,8,8
lagoon,client,16,51976,29.732250672,1748.1354,8,8
lagoon,client,16,51908,29.732037247,1745.8609,8,8
lagoon,client,16,51891,29.731458599,1745.323,8,8
lagoon,client,18,49950,29.738106358,1679.6631,9,9
lagoon,client,18,49999,29.735350788,1681.4666,9,9
lagoon,client,18,50124,29.735774502,1685.6464,9,9
lagoon,client,18,49867,29.729777081,1677.3419,9,9
lagoon,client,18,49762,29.733752428,1673.5863,9,9
lagoon,client,18,50008,29.733336517,1681.8832,9,9
lagoon,client,18,49884,29.735341343,1677.5997,9,9
lagoon,client,18,49764,29.722441895,1674.2904,9,9
lagoon,client,18,50026,29.732812797,1682.5182,9,9
lagoon,client,18,50116,29.73233585,1685.5722,9,9
lagoon,client,18,49909,29.728377243,1678.8336,9,9
lagoon,client,18,50081,29.734364866,1684.2801,9,9
lagoon,client,18,50123,29.731638515,1685.8472,9,9
lagoon,client,18,50103,29.732786409,1685.1095,9,9
lagoon,client,18,50045,29.730556073,1683.285,9,9
lagoon,client,18,50010,29.732788638,1681.9815,9,9
lagoon,client,18,50087,29.732416005,1684.5923,9,9
lagoon,client,18,50097,29.731208023,1684.9971,9,9
lagoon,client,18,50001,29.735013489,1681.553,9,9
lagoon,client,18,49854,29.737131163,1676.4899,9,9
lagoon,client,18,49945,29.73495886,1679.6727,9,9
lagoon,client,18,49682,29.73535826,1670.8055,9,9
lagoon,client,18,49899,29.733401977,1678.2136,9,9
lagoon,client,18,50109,29.737510714,1685.0435,9,9
lagoon,client,18,49934,29.731822818,1679.4799,9,9
lagoon,client,18,49816,29.735940507,1675.2791,9,9
lagoon,client,18,49899,29.73440928,1678.1568,9,9
lagoon,client,18,49870,29.732513267,1677.2884,9,9
lagoon,client,18,50089,29.72794077,1684.9132,9,9
lagoon,client,18,50037,29.73466714,1682.7833,9,9
lagoon,client,18,49997,29.735606453,1681.3849,9,9
lagoon,client,18,49845,29.728226215,1676.6893,9,9
lagoon,client,18,49901,29.734400093,1678.2245,9,9
lagoon,client,18,49942,29.734724155,1679.5851,9,9
lagoon,client,18,49973,29.725294828,1681.1608,9,9
lagoon,client,18,49943,29.730440471,1679.8607,9,9
lagoon,client,18,49817,29.732112563,1675.5284,9,9
lagoon,client,18,49859,29.734280599,1676.8188,9,9
lagoon,client,18,49945,29.732017351,1679.8389,9,9
lagoon,client,18,49947,29.734308326,1679.7768,9,9
lagoon,client,18,50067,29.734506416,1683.8013,9,9
lagoon,client,18,49909,29.735558267,1678.4282,9,9
lagoon,client,18,49799,29.729719922,1675.0578,9,9
lagoon,client,18,49976,29.73520518,1680.7014,9,9
lagoon,client,18,49992,29.725877878,1681.767,9,9
lagoon,client,20,47696,29.738066244,1603.8703,10,10
lagoon,client,20,47720,29.733956589,1604.8991,10,10
lagoon,client,20,47627,29.739125607,1601.493,10,10
lagoon,client,20,47714,29.727621128,1605.0393,10,10
lagoon,client,20,47778,29.739887432,1606.5293,10,10
lagoon,client,20,47659,29.740202352,1602.511,10,10
lagoon,client,20,47520,29.725976511,1598.6018,10,10
lagoon,client,20,47863,29.736775617,1609.5558,10,10
lagoon,client,20,47695,29.738024065,1603.8389,10,10
lagoon,client,20,47723,29.734096329,1604.9924,10,10
lagoon,client,20,47865,29.74268284,1609.3034,10,10
lagoon,client,20,47979,29.734477203,1613.5814,10,10
lagoon,client,20,47810,29.730789071,1608.0972,10,10
lagoon,client,20,47772,29.741493894,1606.2408,10,10
lagoon,client,20,47637,29.736255774,1601.9838,10,10
lagoon,client,20,47698,29.729564552,1604.3962,10,10
lagoon,client,20,47959,29.741532872,1612.5262,10,10
lagoon,client,20,47895,29.740455818,1610.4326,10,10
lagoon,client,20,47737,29.737093464,1605.3015,10,10
lagoon,client,20,47683,29.741012932,1603.2742,10,10
lagoon,client,20,47699,29.73290371,1604.2496,10,10
lagoon,client,20,47841,29.734706187,1608.928,10,10
lagoon,client,20,47678,29.745203852,1602.8803,10,10
lagoon,client,20,47591,29.73946457,1600.2642,10,10
lagoon,client,20,47629,29.737783257,1601.6325,10,10
lagoon,client,20,47668,29.740180195,1602.8148,10,10
lagoon,client,20,47837,29.737306438,1608.6528,10,10
lagoon,client,20,47751,29.73930964,1605.6526,10,10
lagoon,client,20,47751,29.738791507,1605.6806,10,10
lagoon,client,20,47492,29.735615364,1597.142,10,10
lagoon,client,20,47637,29.735464038,1602.0265,10,10
lagoon,client,20,47596,29.737697515,1600.5274,10,10
lagoon,client,20,47807,29.741404859,1607.4224,10,10
lagoon,client,20,47709,29.732648056,1604.5998,10,10
lagoon,client,20,47940,29.741854358,1611.8699,10,10
lagoon,client,20,47877,29.740625763,1609.8182,10,10
lagoon,client,20,47752,29.737366835,1605.7911,10,10
lagoon,client,20,47906,29.740794385,1610.7841,10,10
lagoon,client,20,47796,29.74277223,1606.9787,10,10
lagoon,client,20,47716,29.741789594,1604.3419,10,10
lagoon,client,20,47690,29.737800251,1603.6828,10,10
lagoon,client,20,47877,29.741633614,1609.7636,10,10
lagoon,client,20,47956,29.741670508,1612.4178,10,10
lagoon,client,20,47804,29.737863973,1607.5129,10,10
lagoon,client,20,47726,29.737817427,1604.8925,10,10
lagoon,client,20,47706,29.741814939,1604.0043,10,10
lagoon,client,20,47779,29.739801292,1606.5676,10,10
lagoon,client,20,47622,29.739029217,1601.33,10,10
lagoon,client,20,47927,29.741881793,1611.4313,10,10
lagoon,client,20,47779,29.742405579,1606.4269,10,10
lagoon,client,22,45679,29.746561592,1535.6061,11,11
lagoon,client,22,45749,29.73975027,1538.3115,11,11
lagoon,client,22,45737,29.744499245,1537.6625,11,11
lagoon,client,22,45803,29.746426925,1539.7816,11,11
lagoon,client,22,45730,29.738056166,1537.7602,11,11
lagoon,client,22,45642,29.742168821,1534.5888,11,11
lagoon,client,22,45815,29.742369442,1540.3951,11,11
lagoon,client,22,45784,29.743533015,1539.2926,11,11
lagoon,client,22,45641,29.74129508,1534.6003,11,11
lagoon,client,22,45813,29.747198853,1540.0778,11,11
lagoon,client,22,45976,29.739794297,1545.9421,11,11
lagoon,client,22,45949,29.746642285,1544.6785,11,11
lagoon,client,22,45682,29.741539488,1535.9662,11,11
lagoon,client,22,45853,29.747727247,1541.3951,11,11
lagoon,client,22,45992,29.747227816,1546.0936,11,11
lagoon,client,22,45718,29.743479247,1537.0764,11,11
lagoon,client,22,45907,29.745513058,1543.3252,11,11
lagoon,client,22,45963,29.739031651,1545.5446,11,11
lagoon,client,22,45697,29.739527819,1536.5745,11,11
lagoon,client,22,45981,29.743543475,1545.9153,11,11
lagoon,client,22,45764,29.744385824,1538.5761,11,11
lagoon,client,22,45713,29.746145644,1536.7705,11,11
lagoon,client,22,45741,29.741356376,1537.9594,11,11
lagoon,client,22,45844,29.743282574,1541.3228,11,11
lagoon,client,22,45933,29.742601517,1544.3504,11,11
lagoon,client,22,45852,29.743036023,1541.6046,11,11
lagoon,client,22,45580,29.741443107,1532.5416,11,11
lagoon,client,22,45584,29.741875936,1532.6538,11,11
lagoon,client,22,45835,29.7380209,1541.2929,11,11
lagoon,client,22,45612,29.735518074,1533.9232,11,11
lagoon,client,22,46017,29.748462433,1546.8699,11,11
lagoon,client,22,45804,29.746533085,1539.8097,11,11
lagoon,client,22,45665,29.742705299,1535.3344,11,11
lagoon,client,22,45847,29.748485878,1541.1541,11,11
lagoon,client,22,45859,29.743566289,1541.8124,11,11
lagoon,client,22,45922,29.749878523,1543.6029,11,11
lagoon,client,22,45921,29.750125511,1543.5565,11,11
lagoon,client,22,45879,29.748208189,1542.2441,11,11
lagoon,client,22,45785,29.7415311,1539.4298,11,11
lagoon,client,22,45770,29.741977747,1538.9024,11,11
lagoon,client,22,45800,29.746707636,1539.6662,11,11
lagoon,client,22,45802,29.741314599,1540.0126,11,11
lagoon,client,22,45701,29.745376459,1536.4068,11,11
lagoon,client,22,45724,29.737220953,1537.6016,11,11
lagoon,client,22,45747,29.737317158,1538.3701,11,11
lagoon,client,22,45971,29.749725608,1545.2579,11,11
lagoon,client,22,45951,29.744632537,1544.8501,11,11
lagoon,client,22,46049,29.745705245,1548.089,11,11
lagoon,client,22,46013,29.745465893,1546.8912,11,11
lagoon,client,22,45992,29.740266011,1546.4556,11,11
lagoon,client,22,45876,29.745272295,1542.2955,11,11
lagoon,client,22,45856,29.742639471,1541.7596,11,11
lagoon,client,22,45884,29.745370249,1542.5594,11,11
lagoon,client,22,45525,29.738583595,1530.8396,11,11
lagoon,client,22,45895,29.747093864,1542.8398,11,11
lagoon,client,24,44141,29.748299399,1483.8159,12,12
lagoon,client,24,44186,29.74582989,1485.4519,12,12
lagoon,client,24,44244,29.747511831,1487.3177,12,12
lagoon,client,24,43973,29.751215972,1478.0236,12,12
lagoon,client,24,44152,29.748664733,1484.1675,12,12
lagoon,client,24,44183,29.752848766,1485.0007,12,12
lagoon,client,24,44003,29.747747943,1479.2044,12,12
lagoon,client,24,43983,29.751604909,1478.3404,12,12
lagoon,client,24,44172,29.745489699,1484.9982,12,12
lagoon,client,24,44104,29.74794204,1482.59,12,12
lagoon,client,24,44165,29.748934974,1484.591,12,12
lagoon,client,24,44033,29.751503733,1480.026,12,12
lagoon,client,24,44137,29.750317767,1483.5808,12,12
lagoon,client,24,44260,29.751407945,1487.6607,12,12
lagoon,client,24,44113,29.747681309,1482.9055,12,12
lagoon,client,24,44207,29.747316304,1486.0836,12,12
lagoon,client,24,43927,29.747211811,1476.6762,12,12
lagoon,client,24,43864,29.747694908,1474.5344,12,12
lagoon,client,24,44070,29.749574612,1481.3657,12,12
lagoon,client,24,44098,29.752988587,1482.1368,12,12
lagoon,client,24,44301,29.753862797,1488.9159,12,12
lagoon,client,24,43937,29.750289169,1476.8596,12,12
lagoon,client,24,43961,29.749881206,1477.6866,12,12
lagoon,client,24,44271,29.751331817,1488.0342,12,12
lagoon,client,24,44013,29.750829798,1479.3873,12,12
lagoon,client,24,44245,29.750383723,1487.2077,12,12
lagoon,client,24,44209,29.751811045,1485.9264,12,12
lagoon,client,24,44028,29.749286319,1479.9683,12,12
lagoon,client,24,44121,29.746581783,1483.2292,12,12
lagoon,client,24,44373,29.751731726,1491.4426,12,12
lagoon,client,24,44086,29.749801419,1481.8922,12,12
lagoon,client,24,44064,29.750764944,1481.1048,12,12
lagoon,client,24,44378,29.75128708,1491.6329,12,12
lagoon,client,24,44070,29.747046249,1481.4916,12,12
lagoon,client,24,44085,29.749220786,1481.8876,12,12
lagoon,client,24,44198,29.749074575,1485.6933,12,12
lagoon,client,24,43957,29.751786455,1477.4575,12,12
lagoon,client,24,43943,29.748022796,1477.1738,12,12
lagoon,client,24,44229,29.742668918,1487.0555,12,12
lagoon,client,24,44227,29.755579299,1486.3431,12,12
lagoon,client,24,44246,29.749684975,1487.2763,12,12
lagoon,client,24,44029,29.748993806,1480.0164,12,12
lagoon,client,24,44173,29.752088768,1484.7025,12,12
lagoon,client,24,44116,29.749689841,1482.9062,12,12
lagoon,client,24,44136,29.750558422,1483.5352,12,12
lagoon,client,24,44113,29.755050261,1482.5382,12,12
lagoon,client,24,43966,29.750346761,1477.8315,12,12
lagoon,client,24,44129,29.744905206,1483.5818,12,12
lagoon,client,24,44156,29.750303064,1484.2202,12,12
lagoon,client,24,44120,29.746093899,1483.22,12,12
lagoon,client,24,44264,29.756661629,1487.5325,12,12
lagoon,client,24,44246,29.752960545,1487.1125,12,12
lagoon,client,24,44363,29.746063801,1491.3906,12,12
lagoon,client,24,44017,29.747611871,1479.6818,12,12
lagoon,client,24,43998,29.745851458,1479.1306,12,12
lagoon,client,24,44168,29.746987371,1484.789,12,12
lagoon,client,24,44294,29.750716258,1488.8381,12,12
lagoon,client,24,44105,29.750298627,1482.5061,12,12
lagoon,client,24,44109,29.754024917,1482.4549,12,12
lagoon,client,24,44304,29.749166727,1489.2518,12,12
lagoon,client,26,42570,29.752985631,1430.7808,13,13
lagoon,client,26,42680,29.756212257,1434.3223,13,13
lagoon,client,26,42526,29.752274912,1429.3361,13,13
lagoon,client,26,42451,29.7525161,1426.8037,13,13
lagoon,client,26,42495,29.75600986,1428.1149,13,13
lagoon,client,26,42601,29.748501867,1432.0385,13,13
lagoon,client,26,42665,29.753300249,1433.9586,13,13
lagoon,client,26,42505,29.756012942,1428.4508,13,13
lagoon,client,26,42703,29.758787339,1434.9711,13,13
lagoon,client,26,42464,29.75241023,1427.2457,13,13
lagoon,client,26,42533,29.755829914,1429.4006,13,13
lagoon,client,26,42651,29.755099187,1433.4014,13,13
lagoon,client,26,42632,29.754988838,1432.7681,13,13
lagoon,client,26,42561,29.747916398,1430.7221,13,13
lagoon,client,26,42470,29.75481619,1427.332,13,13
lagoon,client,26,42617,29.752230182,1432.3968,13,13
lagoon,client,26,42469,29.756816421,1427.2024,13,13
lagoon,client,26,42635,29.748518266,1433.1806,13,13
lagoon,client,26,42497,29.759206265,1428.0287,13,13
lagoon,client,26,42768,29.752589486,1437.4547,13,13
lagoon,client,26,42705,29.75509839,1435.2162,13,13
lagoon,client,26,42809,29.756335279,1438.6516,13,13
lagoon,client,26,42685,29.749897385,1434.7949,13,13
lagoon,client,26,42680,29.755266948,1434.3679,13,13
lagoon,client,26,42496,29.753277912,1428.2796,13,13
lagoon,client,26,42650,29.746893561,1433.7632,13,13
lagoon,client,26,42650,29.758357212,1433.2108,13,13
lagoon,client,26,42473,29.749001973,1427.7118,13,13
lagoon,client,26,42734,29.753141988,1436.2853,13,13
lagoon,client,26,42829,29.753409288,1439.4653,13,13
lagoon,client,26,42726,29.750338773,1436.1517,13,13
lagoon,client,26,42688,29.749980029,1434.8917,13,13
lagoon,client,26,42605,29.753753744,1431.9202,13,13
lagoon,client,26,42817,29.750009246,1439.2264,13,13
lagoon,client,26,42655,29.749089664,1433.8254,13,13
lagoon,client,26,42765,29.757399217,1437.1216,13,13
lagoon,client,26,42655,29.755880206,1433.4982,13,13
lagoon,client,26,42649,29.752100416,1433.4786,13,13
lagoon,client,26,42716,29.750877134,1435.7896,13,13
lagoon,client,26,42700,29.753622454,1435.1194,13,13
lagoon,client,26,42733,29.756896979,1436.0704,13,13
lagoon,client,26,42657,29.744381862,1434.1196,13,13
lagoon,client,26,42775,29.758649188,1437.3972,13,13
lagoon,client,26,42645,29.750083645,1433.4413,13,13
lagoon,client,26,42790,29.750238201,1438.3078,13,13
lagoon,client,26,42606,29.75663411,1431.8152,13,13
lagoon,client,26,42758,29.755428665,1436.9815,13,13
lagoon,client,26,42872,29.753012711,1440.9297,13,13
lagoon,client,26,42684,29.759753142,1434.2861,13,13
lagoon,client,26,42698,29.752848141,1435.0895,13,13
lagoon,client,26,42825,29.750301053,1439.4812,13,13
lagoon,client,26,42690,29.748803202,1435.0157,13,13
lagoon,client,26,42508,29.748091762,1428.932,13,13
lagoon,client,26,42493,29.757569116,1427.9728,13,13
lagoon,client,26,42710,29.749076698,1435.6748,13,13
lagoon,client,26,42709,29.752924489,1435.4555,13,13
lagoon,client,26,42654,29.760179801,1433.2575,13,13
lagoon,client,26,42714,29.757233973,1435.4157,13,13
lagoon,client,26,42871,29.759048841,1440.6038,13,13
lagoon,client,26,42580,29.750642105,1431.2296,13,13
lagoon,client,26,42684,29.758717206,1434.336,13,13
lagoon,client,26,42728,29.759500078,1435.7768,13,13
lagoon,client,26,42776,29.755450814,1437.5853,13,13
lagoon,client,26,42667,29.756692876,1433.8623,13,13
lagoon,client,26,42442,29.753669662,1426.4459,13,13
lagoon,client,28,40744,29.750311183,1369.5319,14,14
lagoon,client,28,40942,29.761777465,1375.6571,14,14
lagoon,client,28,41109,29.760259511,1381.3388,14,14
lagoon,client,28,40990,29.76943343,1376.9157,14,14
lagoon,client,28,40918,29.762931254,1374.7974,14,14
lagoon,client,28,40929,29.757180819,1375.4327,14,14
lagoon,client,28,40849,29.761014205,1372.5675,14,14
lagoon,client,28,40911,29.748454215,1375.2311,14,14
lagoon,client,28,41011,29.765182503,1377.8179,14,14
lagoon,client,28,41011,29.762956768,1377.9209,14,14
lagoon,client,28,40719,29.761522509,1368.176,14,14
lagoon,client,28,41031,29.766853903,1378.4124,14,14
lagoon,client,28,40949,29.755761301,1376.1705,14,14
lagoon,client,28,41036,29.768811185,1378.4897,14,14
lagoon,client,28,40933,29.758079267,1375.5256,14,14
lagoon,client,28,40995,29.762537672,1377.4027,14,14
lagoon,client,28,41084,29.761485995,1380.4418,14,14
lagoon,client,28,40743,29.758091658,1369.1402,14,14
lagoon,client,28,40920,29.757083785,1375.1348,14,14
lagoon,client,28,40827,29.754824666,1372.1136,14,14
lagoon,client,28,40839,29.754391069,1372.5369,14,14
lagoon,client,28,40876,29.755144839,1373.7456,14,14
lagoon,client,28,40999,29.764563167,1377.4434,14,14
lagoon,client,28,40916,29.760343707,1374.8497,14,14
lagoon,client,28,40840,29.763433285,1372.1535,14,14
lagoon,client,28,40960,29.761845409,1376.2587,14,14
lagoon,client,28,41000,29.765746603,1377.4222,14,14
lagoon,client,28,40987,29.746411857,1377.8805,14,14
lagoon,client,28,40733,29.764342791,1368.5167,14,14
lagoon,client,28,41062,29.765151941,1379.5327,14,14
lagoon,client,28,41024,29.766054914,1378.2142,14,14
lagoon,client,28,40840,29.763285882,1372.1603,14,14
lagoon,client,28,40962,29.758237926,1376.4928,14,14
lagoon,client,28,40755,29.762311729,1369.3493,14,14
lagoon,client,28,41015,29.760076746,1378.1887,14,14
lagoon,client,28,40880,29.76522963,1373.4146,14,14
lagoon,client,28,41000,29.772951105,1377.0889,14,14
lagoon,client,28,40688,29.762423891,1367.093,14,14
lagoon,client,28,40699,29.757894659,1367.6707,14,14
lagoon,client,28,40979,29.759205475,1377.0193,14,14
lagoon,client,28,40755,29.765663996,1369.1951,14,14
lagoon,client,28,41005,29.768964118,1377.4413,14,14
lagoon,client,28,40867,29.751465192,1373.613,14,14
lagoon,client,28,40738,29.754536216,1369.1358,14,14
lagoon,client,28,40990,29.760178244,1377.3439,14,14
lagoon,client,28,40897,29.758430124,1374.2996,14,14
lagoon,client,28,40982,29.757756086,1377.1872,14,14
lagoon,client,28,41042,29.763093363,1378.9561,14,14
lagoon,client,28,40819,29.761829961,1371.5218,14,14
lagoon,client,28,40864,29.760210505,1373.1086,14,14
lagoon,client,28,40878,29.757776706,1373.6913,14,14
lagoon,client,28,40933,29.756282391,1375.6087,14,14
lagoon,client,28,40810,29.764180219,1371.1112,14,14
lagoon,client,28,41071,29.760612378,1380.0455,14,14
lagoon,client,28,40796,29.755626852,1371.0348,14,14
lagoon,client,28,40844,29.753434652,1372.7491,14,14
lagoon,client,28,40898,29.761410807,1374.1956,14,14
lagoon,client,28,41012,29.765490503,1377.8372,14,14
lagoon,client,28,40931,29.754317658,1375.6323,14,14
lagoon,client,28,41020,29.756207638,1378.5359,14,14
lagoon,client,28,40959,29.749935401,1376.7761,14,14
lagoon,client,28,41004,29.760328693,1377.8074,14,14
lagoon,client,28,40733,29.754700402,1368.9602,14,14
lagoon,client,28,40763,29.761238972,1369.6674,14,14
lagoon,client,28,40910,29.764962976,1374.4348,14,14
lagoon,client,28,41189,29.762052618,1383.9435,14,14
lagoon,client,28,40782,29.758917701,1370.4127,14,14
lagoon,client,28,41327,29.763009152,1388.5357,14,14
lagoon,client,28,40959,29.760525022,1376.2862,14,14
lagoon,client,28,40799,29.759647005,1370.9504,14,14
lagoon,client,30,39092,29.775507748,1312.8911,15,15
lagoon,client,30,38924,29.772461653,1307.3827,15,15
lagoon,client,30,38984,29.774109362,1309.3255,15,15
lagoon,client,30,39216,29.770192258,1317.2908,15,15
lagoon,client,30,38942,29.769936844,1308.0982,15,15
lagoon,client,30,39025,29.766750913,1311.0265,15,15
lagoon,client,30,38956,29.763316197,1308.8595,15,15
lagoon,client,30,39089,29.768540436,1313.0976,15,15
lagoon,client,30,39072,29.769434215,1312.4872,15,15
lagoon,client,30,38885,29.764793899,1306.4092,15,15
lagoon,client,30,39056,29.773019256,1311.7917,15,15
lagoon,client,30,38938,29.768720531,1308.0173,15,15
lagoon,client,30,39135,29.772771327,1314.4561,15,15
lagoon,client,30,39094,29.780958865,1312.718,15,15
lagoon,client,30,39196,29.765756141,1316.8152,15,15
lagoon,client,30,39448,29.771642733,1325.0193,15,15
lagoon,client,30,39124,29.765902569,1314.3898,15,15
lagoon,client,30,39316,29.76834413,1320.7318,15,15
lagoon,client,30,39239,29.766873648,1318.2103,15,15
lagoon,client,30,39212,29.771264647,1317.109,15,15
lagoon,client,30,39213,29.77483321,1316.9847,15,15
lagoon,client,30,39064,29.765705493,1312.3828,15,15
lagoon,client,30,39254,29.772907869,1318.447,15,15
lagoon,client,30,39301,29.760916868,1320.5574,15,15
lagoon,client,30,39149,29.765697147,1315.2388,15,15
lagoon,client,30,39415,29.773512439,1323.8277,15,15
lagoon,client,30,39198,29.770914997,1316.6542,15,15
lagoon,client,30,39075,29.767969441,1312.6525,15,15
lagoon,client,30,39281,29.773358145,1319.3339,15,15
lagoon,client,30,39226,29.76990924,1317.6392,15,15
lagoon,client,30,39086,29.772361414,1312.8283,15,15
lagoon,client,30,39128,29.766405282,1314.502,15,15
lagoon,client,30,39235,29.762361049,1318.2758,15,15
lagoon,client,30,39344,29.767982151,1321.6885,15,15
lagoon,client,30,39207,29.771717094,1316.921,15,15
lagoon,client,30,39419,29.770279308,1324.1058,15,15
lagoon,client,30,39389,29.77034768,1323.0951,15,15
lagoon,client,30,39223,29.77051065,1317.5118,15,15
lagoon,client,30,39305,29.771043862,1320.2426,15,15
lagoon,client,30,39278,29.771131104,1319.3318,15,15
lagoon,client,30,39257,29.770632423,1318.6485,15,15
lagoon,client,30,38910,29.769215496,1307.0549,15,15
lagoon,client,30,39278,29.767929279,1319.4737,15,15
lagoon,client,30,39295,29.770918943,1319.9122,15,15
lagoon,client,30,39236,29.771015153,1317.9262,15,15
lagoon,client,30,39310,29.761669578,1320.8264,15,15
lagoon,client,30,39394,29.773337339,1323.1301,15,15
lagoon,client,30,39217,29.767986453,1317.422,15,15
lagoon,client,30,39283,29.773167051,1319.4095,15,15
lagoon,client,30,39236,29.763271387,1318.2691,15,15
lagoon,client,30,39165,29.767401021,1315.701,15,15
lagoon,client,30,39352,29.771047542,1321.8211,15,15
lagoon,client,30,39580,29.778046832,1329.1671,15,15
lagoon,client,30,39370,29.752993787,1323.2282,15,15
lagoon,client,30,39137,29.768639681,1314.7057,15,15
lagoon,client,30,39194,29.766381069,1316.7204,15,15
lagoon,client,30,39311,29.773328111,1320.3428,15,15
lagoon,client,30,39209,29.766534344,1317.2175,15,15
lagoon,client,30,39381,29.772292748,1322.7399,15,15
lagoon,client,30,39338,29.770822267,1321.3609,15,15
lagoon,client,30,39254,29.772364943,1318.471,15,15
lagoon,client,30,39120,29.764491868,1314.3178,15,15
lagoon,client,30,39089,29.765475812,1313.2328,15,15
lagoon,client,30,39190,29.764029736,1316.69,15,15
lagoon,client,30,38793,29.763612658,1303.37,15,15
lagoon,client,30,39212,29.774844921,1316.9506,15,15
lagoon,client,30,38896,29.757756031,1307.0878,15,15
lagoon,client,30,39318,29.775013694,1320.5032,15,15
lagoon,client,30,39190,29.775846541,1316.1674,15,15
lagoon,client,30,38741,29.762903145,1301.6539,15,15
lagoon,client,30,39007,29.765669077,1310.4695,15,15
lagoon,client,30,38920,29.765587108,1307.5502,15,15
lagoon,client,30,39172,29.774993036,1315.6006,15,15
lagoon,client,30,39195,29.773216152,1316.4517,15,15
lagoon,client,30,39116,29.768529545,1314.0051,15,15
lagoon,client,32,37555,29.782756409,1260.9645,16,16
lagoon,client,32,37521,29.776819571,1260.0741,16,16
lagoon,client,32,37345,29.777141016,1254.15,16,16
lagoon,client,32,37457,29.782451949,1257.6869,16,16
lagoon,client,32,37493,29.781001252,1258.957,16,16
lagoon,client,32,37513,29.776173035,1259.8328,16,16
lagoon,client,32,37482,29.776943142,1258.7592,16,16
lagoon,client,32,37294,29.776215317,1252.4762,16,16
lagoon,client,32,37475,29.778076822,1258.4762,16,16
lagoon,client,32,37366,29.773570652,1255.0057,16,16
lagoon,client,32,37390,29.777538967,1255.6444,16,16
lagoon,client,32,37486,29.780780197,1258.7313,16,16
lagoon,client,32,37452,29.769996777,1258.0451,16,16
lagoon,client,32,37552,29.785186476,1260.761,16,16
lagoon,client,32,37546,29.783679191,1260.6233,16,16
lagoon,client,32,37521,29.778728566,1259.9934,16,16
lagoon,client,32,37548,29.778628152,1260.9043,16,16
lagoon,client,32,37523,29.776662692,1260.1479,16,16
lagoon,client,32,37458,29.776623894,1257.9667,16,16
lagoon,client,32,37359,29.766237601,1255.0797,16,16
lagoon,client,32,37530,29.773798112,1260.5043,16,16
lagoon,client,32,37580,29.778396881,1261.9887,16,16
lagoon,client,32,37582,29.774765187,1262.2098,16,16
lagoon,client,32,37351,29.780773835,1254.1984,16,16
lagoon,client,32,37269,29.775405562,1251.6706,16,16
lagoon,client,32,37435,29.77525694,1257.252,16,16
lagoon,client,32,37585,29.781520238,1262.0242,16,16
lagoon,client,32,37385,29.777684412,1255.4704,16,16
lagoon,client,32,37546,29.774584713,1261.0084,16,16
lagoon,client,32,37280,29.781567877,1251.781,16,16
lagoon,client,32,37513,29.777774591,1259.7651,16,16
lagoon,client,32,37218,29.779885521,1249.7697,16,16
lagoon,client,32,37464,29.774776429,1258.2462,16,16
lagoon,client,32,37429,29.769916976,1257.2759,16,16
lagoon,client,32,37591,29.783443038,1262.1442,16,16
lagoon,client,32,37667,29.78169843,1264.77,16,16
lagoon,client,32,37428,29.775205085,1257.019,16,16
lagoon,client,32,37456,29.775331867,1257.9541,16,16
lagoon,client,32,37481,29.774808456,1258.8158,16,16
lagoon,client,32,37613,29.784020601,1262.8584,16,16
lagoon,client,32,37614,29.778880015,1263.11,16,16
lagoon,client,32,37645,29.781438556,1264.0424,16,16
lagoon,client,32,37677,29.780809782,1265.1436,16,16
lagoon,client,32,37509,29.783470001,1259.3899,16,16
lagoon,client,32,37529,29.782213624,1260.1145,16,16
lagoon,client,32,37525,29.779069056,1260.1133,16,16
lagoon,client,32,37492,29.772658675,1259.2762,16,16
lagoon,client,32,37495,29.781594246,1258.9991,16,16
lagoon,client,32,37641,29.770671854,1264.3652,16,16
lagoon,client,32,37892,29.783556394,1272.2456,16,16
lagoon,client,32,37646,29.78452036,1263.9451,16,16
lagoon,client,32,37568,29.771324281,1261.8854,16,16
lagoon,client,32,37530,29.772533871,1260.5578,16,16
lagoon,client,32,37536,29.780438919,1260.4247,16,16
lagoon,client,32,37687,29.777737014,1265.6099,16,16
lagoon,client,32,37623,29.77096104,1263.7483,16,16
lagoon,client,32,37629,29.783370104,1263.4232,16,16
lagoon,client,32,37661,29.77784813,1264.7321,16,16
lagoon,client,32,37706,29.776829006,1266.2866,16,16
lagoon,client,32,37655,29.782918653,1264.3153,16,16
lagoon,client,32,37797,29.776189001,1269.37,16,16
lagoon,client,32,37504,29.776687925,1259.5088,16,16
lagoon,client,32,37730,29.783312292,1266.8168,16,16
lagoon,client,32,37437,29.781439663,1257.0581,16,16
lagoon,client,32,37456,29.771139517,1258.1312,16,16
lagoon,client,32,37537,29.774783548,1260.6977,16,16
lagoon,client,32,37519,29.781334619,1259.8159,16,16
lagoon,client,32,37482,29.780856948,1258.5937,16,16
lagoon,client,32,37458,29.773048654,1258.1177,16,16
lagoon,client,32,37486,29.771272383,1259.1333,16,16
lagoon,client,32,37521,29.774328388,1260.1796,16,16
lagoon,client,32,37497,29.776029227,1259.3016,16,16
lagoon,client,32,37735,29.781270338,1267.0715,16,16
lagoon,client,32,37593,29.774077305,1262.6084,16,16
lagoon,client,32,37608,29.777503996,1262.9668,16,16
lagoon,client,32,37191,29.764417624,1249.5121,16,16
lagoon,client,32,37331,29.768971968,1254.0238,16,16
lagoon,client,32,37783,29.776048485,1268.9058,16,16
lagoon,client,32,37432,29.777399707,1257.0607,16,16
lagoon,client,32,37336,29.774545405,1253.957,16,16
lagoon,client,34,35950,29.783507679,1207.0439,17,17
lagoon,client,34,35904,29.784725644,1205.4501,17,17
lagoon,client,34,36098,29.790113684,1211.7443,17,17
lagoon,client,34,36018,29.786040904,1209.2242,17,17
lagoon,client,34,36012,29.783812351,1209.1132,17,17
lagoon,client,34,35914,29.784362978,1205.8005,17,17
lagoon,client,34,35998,29.781546439,1208.7351,17,17
lagoon,client,34,35770,29.7782895,1201.2107,17,17
lagoon,client,34,36100,29.782779743,1212.1098,17,17
lagoon,client,34,35984,29.782584098,1208.2229,17,17
lagoon,client,34,35923,29.788411045,1205.9388,17,17
lagoon,client,34,35865,29.778879767,1204.3771,17,17
lagoon,client,34,35909,29.786456064,1205.5479,17,17
lagoon,client,34,36183,29.791383854,1214.5458,17,17
lagoon,client,34,36065,29.781735148,1210.9771,17,17
lagoon,client,34,35791,29.787089504,1201.5608,17,17
lagoon,client,34,35864,29.778872624,1204.3438,17,17
lagoon,client,34,35892,29.785042044,1205.0344,17,17
lagoon,client,34,35984,29.789349428,1207.9485,17,17
lagoon,client,34,35844,29.784388402,1203.4493,17,17
lagoon,client,34,35974,29.779802091,1208.0,17,17
lagoon,client,34,36155,29.789992945,1213.6626,17,17
lagoon,client,34,36064,29.786847274,1210.7357,17,17
lagoon,client,34,36055,29.782752002,1210.6,17,17
lagoon,client,34,35992,29.787063188,1208.3098,17,17
lagoon,client,34,36119,29.78909825,1212.4905,17,17
lagoon,client,34,36073,29.787851056,1210.9971,17,17
lagoon,client,34,36094,29.784227254,1211.8495,17,17
lagoon,client,34,36174,29.786779462,1214.4314,17,17
lagoon,client,34,35849,29.778970577,1203.8361,17,17
lagoon,client,34,36032,29.790339638,1209.5196,17,17
lagoon,client,34,35982,29.790361411,1207.8403,17,17
lagoon,client,34,36301,29.791071326,1218.5195,17,17
lagoon,client,34,36213,29.786988993,1215.7321,17,17
lagoon,client,34,35758,29.786645456,1200.4709,17,17
lagoon,client,34,36010,29.786745838,1208.927,17,17
lagoon,client,34,36003,29.784261722,1208.7928,17,17
lagoon,client,34,35702,29.770442739,1199.2432,17,17
lagoon,client,34,36010,29.792819448,1208.6805,17,17
lagoon,client,34,36024,29.792008156,1209.1833,17,17
lagoon,client,34,35842,29.788495059,1203.2162,17,17
lagoon,client,34,35920,29.787307313,1205.8827,17,17
lagoon,client,34,35981,29.791072773,1207.7779,17,17
lagoon,client,34,35725,29.771724136,1199.9641,17,17
lagoon,client,34,35767,29.791921078,1200.5604,17,17
lagoon,client,34,35938,29.791259168,1206.327,17,17
lagoon,client,34,35883,29.788735429,1204.5829,17,17
lagoon,client,34,35926,29.791131245,1205.9294,17,17
lagoon,client,34,35896,29.791516843,1204.9068,17,17
lagoon,client,34,35902,29.790241908,1205.1597,17,17
lagoon,client,34,35751,29.788749395,1200.1511,17,17
lagoon,client,34,36154,29.779417824,1214.06,17,17
lagoon,client,34,36174,29.78837277,1214.3664,17,17
lagoon,client,34,36232,29.79108455,1216.2028,17,17
lagoon,client,34,35834,29.788943857,1202.9295,17,17
lagoon,client,34,35940,29.780793308,1206.8181,17,17
lagoon,client,34,36031,29.786982221,1209.6224,17,17
lagoon,client,34,36129,29.788031783,1212.8697,17,17
lagoon,client,34,36065,29.7885216,1210.7012,17,17
lagoon,client,34,35986,29.781666105,1208.3273,17,17
lagoon,client,34,35983,29.789345328,1207.9151,17,17
lagoon,client,34,36024,29.788522477,1209.3248,17,17
lagoon,client,34,36122,29.79088114,1212.5187,17,17
lagoon,client,34,35883,29.788482837,1204.5931,17,17
lagoon,client,34,36099,29.790620887,1211.7572,17,17
lagoon,client,34,36006,29.781034018,1209.0245,17,17
lagoon,client,34,36114,29.790407714,1212.2694,17,17
lagoon,client,34,35893,29.786702651,1205.0008,17,17
lagoon,client,34,35867,29.780968767,1204.3597,17,17
lagoon,client,34,36244,29.794138103,1216.4809,17,17
lagoon,client,34,36275,29.795201585,1217.4779,17,17
lagoon,client,34,36211,29.790877663,1215.5063,17,17
lagoon,client,34,35914,29.784290778,1205.8034,17,17
lagoon,client,34,35975,29.789207209,1207.6521,17,17
lagoon,client,34,35916,29.776863678,1206.1714,17,17
lagoon,client,34,36140,29.789509793,1213.1787,17,17
lagoon,client,34,36137,29.788705764,1213.1108,17,17
lagoon,client,34,36126,29.790081495,1212.6855,17,17
lagoon,client,34,35962,29.784573038,1207.4036,17,17
lagoon,client,34,35955,29.781285169,1207.3018,17,17
lagoon,client,34,35979,29.79187401,1207.6783,17,17
lagoon,client,34,35996,29.782355963,1208.6351,17,17
lagoon,client,34,35998,29.786734387,1208.5246,17,17
lagoon,client,34,35822,29.780303636,1202.8756,17,17
lagoon,client,34,36122,29.774103361,1213.2019,17,17
lagoon,client,36,34308,29.802459127,1151.1802,18,18
lagoon,client,36,34261,29.803148154,1149.5765,18,18
lagoon,client,36,34257,29.792753082,1149.8434,18,18
lagoon,client,36,34135,29.790708137,1145.8271,18,18
lagoon,client,36,34406,29.802688619,1154.4596,18,18
lagoon,client,36,34407,29.794052612,1154.8278,18,18
lagoon,client,36,34300,29.798652744,1151.0588,18,18
lagoon,client,36,34229,29.797277395,1148.7291,18,18
lagoon,client,36,34204,29.791450502,1148.1146,18,18
lagoon,client,36,34414,29.798792411,1154.879,18,18
lagoon,client,36,34351,29.790774537,1153.0751,18,18
lagoon,client,36,34125,29.800558162,1145.1128,18,18
lagoon,client,36,34381,29.79719743,1153.8333,18,18
lagoon,client,36,34323,29.796458381,1151.9154,18,18
lagoon,client,36,34318,29.797174719,1151.7199,18,18
lagoon,client,36,34316,29.795277809,1151.7261,18,18
lagoon,client,36,34208,29.783789474,1148.5442,18,18
lagoon,client,36,34300,29.798670428,1151.0581,18,18
lagoon,client,36,34529,29.801205571,1158.6444,18,18
lagoon,client,36,34388,29.789959172,1154.3487,18,18
lagoon,client,36,34447,29.794453449,1156.1548,18,18
lagoon,client,36,34403,29.79817667,1154.5337,18,18
lagoon,client,36,34450,29.795174338,1156.2275,18,18
lagoon,client,36,34413,29.794337682,1155.0181,18,18
lagoon,client,36,34265,29.795940608,1149.9889,18,18
lagoon,client,36,34424,29.801978812,1155.0911,18,18
lagoon,client,36,34596,29.792446688,1161.2339,18,18
lagoon,client,36,34439,29.794972937,1155.8661,18,18
lagoon,client,36,34596,29.799192946,1160.971,18,18
lagoon,client,36,34295,29.792594433,1151.125,18,18
lagoon,client,36,34421,29.797591134,1155.1605,18,18
lagoon,client,36,34492,29.797467479,1157.548,18,18
lagoon,client,36,34431,29.792740057,1155.6842,18,18
lagoon,client,36,34351,29.792925432,1152.9918,18,18
lagoon,client,36,34440,29.794560573,1155.9157,18,18
lagoon,client,36,34410,29.793553139,1154.9478,18,18
lagoon,client,36,33939,29.796115502,1139.0411,18,18
lagoon,client,36,34189,29.798329177,1147.3462,18,18
lagoon,client,36,34315,29.789106346,1151.9312,18,18
lagoon,client,36,34169,29.79774837,1146.6974,18,18
lagoon,client,36,34167,29.792788169,1146.8212,18,18
lagoon,client,36,34249,29.802543617,1149.1972,18,18
lagoon,client,36,34275,29.799008425,1150.2061,18,18
lagoon,client,36,34130,29.788956136,1145.7266,18,18
lagoon,client,36,34495,29.798141006,1157.6226,18,18
lagoon,client,36,34263,29.797952634,1149.8441,18,18
lagoon,client,36,34087,29.791736102,1144.1764,18,18
lagoon,client,36,34165,29.799183706,1146.5079,18,18
lagoon,client,36,34098,29.792521631,1144.5154,18,18
lagoon,client,36,34130,29.795057986,1145.492,18,18
lagoon,client,36,34165,29.793993692,1146.7076,18,18
lagoon,client,36,34088,29.794426742,1144.1066,18,18
lagoon,client,36,34197,29.790923186,1147.9,18,18
lagoon,client,36,34194,29.79022656,1147.8261,18,18
lagoon,client,36,34122,29.802922987,1144.9213,18,18
lagoon,client,36,34341,29.79788306,1152.4644,18,18
lagoon,client,36,34231,29.801079289,1148.6497,18,18
lagoon,client,36,34162,29.792937007,1146.6476,18,18
lagoon,client,36,34150,29.798259824,1146.0401,18,18
lagoon,client,36,34167,29.800979028,1146.506,18,18
lagoon,client,36,34167,29.808022294,1146.2351,18,18
lagoon,client,36,34061,29.798519513,1143.0434,18,18
lagoon,client,36,34215,29.796416784,1148.2924,18,18
lagoon,client,36,34176,29.795344364,1147.0248,18,18
lagoon,client,36,34144,29.801078647,1145.7303,18,18
lagoon,client,36,33967,29.799554427,1139.8493,18,18
lagoon,client,36,34010,29.796662173,1141.403,18,18
lagoon,client,36,34337,29.808403006,1151.9235,18,18
lagoon,client,36,34221,29.799752303,1148.3652,18,18
lagoon,client,36,34070,29.795485725,1143.4618,18,18
lagoon,client,36,34077,29.797600175,1143.6156,18,18
lagoon,client,36,34086,29.798360932,1143.8884,18,18
lagoon,client,36,34419,29.790554483,1155.3662,18,18
lagoon,client,36,34183,29.789163978,1147.4978,18,18
lagoon,client,36,34405,29.796770464,1154.6553,18,18
lagoon,client,36,34335,29.795844186,1152.3419,18,18
lagoon,client,36,34212,29.787596664,1148.5317,18,18
lagoon,client,36,34541,29.7995919,1159.1098,18,18
lagoon,client,36,34431,29.795081564,1155.5934,18,18
lagoon,client,36,34476,29.802415838,1156.819,18,18
lagoon,client,36,34512,29.799206791,1158.1516,18,18
lagoon,client,36,34295,29.796411,1150.9775,18,18
lagoon,client,36,34158,29.781829722,1146.9409,18,18
lagoon,client,36,34256,29.796378333,1149.6699,18,18
lagoon,client,36,34251,29.799688132,1149.3744,18,18
lagoon,client,36,34309,29.799969668,1151.3099,18,18
lagoon,client,36,34321,29.792381965,1152.0059,18,18
lagoon,client,36,34359,29.799469645,1153.0071,18,18
lagoon,client,36,34382,29.800591375,1153.7355,18,18
lagoon,client,36,34155,29.79735188,1146.2428,18,18
